Date,Ticker,Open,High,Low,Close,Volume
2026-05-25,RECLTD,340.0,345.0,340.0,342.20001220703125,3489013.0
2026-05-26,RECLTD,344.0,344.45001220703125,336.29998779296875,337.6000061035156,3913330.0
2026-05-27,RECLTD,337.0,340.6499938964844,336.6000061035156,339.70001220703125,3232759.0
2026-05-28,RECLTD,339.70001220703125,339.70001220703125,339.70001220703125,339.70001220703125,0.0
2026-05-29,RECLTD,342.5,343.6499938964844,335.0,337.6499938964844,10274190.0
2026-06-01,RECLTD,339.6499938964844,339.8500061035156,331.0,331.3999938964844,4076940.0
2026-06-02,RECLTD,329.95001220703125,330.3999938964844,321.0,325.04998779296875,6501043.0
2026-06-03,RECLTD,325.79998779296875,327.5,322.6000061035156,325.6499938964844,4526029.0
2026-06-04,RECLTD,325.6499938964844,336.20001220703125,325.1000061035156,335.20001220703125,8844070.0
2026-06-05,RECLTD,336.79998779296875,346.79998779296875,336.20001220703125,343.8999938964844,11008792.0
2026-05-25,BHARTIHEXA,1550.300048828125,1557.300048828125,1539.300048828125,1547.699951171875,42966.0
2026-05-26,BHARTIHEXA,1553.9000244140625,1563.800048828125,1541.0,1558.0,51938.0
2026-05-27,BHARTIHEXA,1541.0,1548.9000244140625,1525.9000244140625,1534.0,48617.0
2026-05-28,BHARTIHEXA,1534.0,1534.0,1534.0,1534.0,0.0
2026-05-29,BHARTIHEXA,1535.300048828125,1535.300048828125,1490.0,1495.5,109670.0
2026-06-01,BHARTIHEXA,1510.0,1527.199951171875,1497.0999755859375,1514.199951171875,53527.0
2026-06-02,BHARTIHEXA,1514.199951171875,1514.199951171875,1482.0999755859375,1489.5999755859375,86199.0
2026-06-03,BHARTIHEXA,1490.0,1517.800048828125,1485.0999755859375,1496.199951171875,52940.0
2026-06-04,BHARTIHEXA,1490.0,1496.0,1471.5,1489.300048828125,67860.0
2026-06-05,BHARTIHEXA,1494.9000244140625,1508.0,1475.0,1480.5,61208.0
2026-05-25,IRB,22.378127832511883,22.378127832511883,21.470232485392543,21.57000160217285,24613158.0
2026-05-26,IRB,21.56999969482422,22.270000457763672,21.43000030517578,21.65999984741211,28395725.0
2026-05-27,IRB,21.700000762939453,21.90999984741211,21.639999389648438,21.690000534057617,10176721.0
2026-05-28,IRB,21.690000534057617,21.690000534057617,21.690000534057617,21.690000534057617,0.0
2026-05-29,IRB,21.850000381469727,21.860000610351562,21.059999465942383,21.15999984741211,17478108.0
2026-06-01,IRB,21.270000457763672,22.09000015258789,20.84000015258789,21.93000030517578,34429074.0
2026-06-02,IRB,21.829999923706055,21.829999923706055,21.350000381469727,21.559999465942383,12576653.0
2026-06-03,IRB,21.5,21.559999465942383,21.1200008392334,21.280000686645508,9669422.0
2026-06-04,IRB,21.239999771118164,21.489999771118164,21.06999969482422,21.299999237060547,9170085.0
2026-06-05,IRB,21.31999969482422,21.450000762939453,21.110000610351562,21.170000076293945,7584529.0
2026-05-25,SHREECEM,24950.0,25425.0,24870.0,25355.0,11177.0
2026-05-26,SHREECEM,25355.0,25395.0,24890.0,25180.0,17032.0
2026-05-27,SHREECEM,25390.0,25600.0,25105.0,25400.0,7231.0
2026-05-28,SHREECEM,25400.0,25400.0,25400.0,25400.0,0.0
2026-05-29,SHREECEM,25405.0,25575.0,25025.0,25275.0,86354.0
2026-06-01,SHREECEM,25275.0,25295.0,24970.0,25060.0,38284.0
2026-06-02,SHREECEM,24890.0,25255.0,24655.0,24995.0,22992.0
2026-06-03,SHREECEM,24950.0,24960.0,24500.0,24775.0,26132.0
2026-06-04,SHREECEM,24605.0,24805.0,24415.0,24485.0,28175.0
2026-06-05,SHREECEM,24625.0,24690.0,24030.0,24085.0,22308.0
2026-05-25,ADANIPOWER,221.0,234.60000610351562,220.30999755859375,233.3800048828125,73847208.0
2026-05-26,ADANIPOWER,234.25,245.6999969482422,233.77000427246094,244.52999877929688,91664035.0
2026-05-27,ADANIPOWER,247.60000610351562,252.64999389648438,245.5,248.91000366210938,85859567.0
2026-05-28,ADANIPOWER,248.91000366210938,248.91000366210938,248.91000366210938,248.91000366210938,0.0
2026-05-29,ADANIPOWER,250.89999389648438,254.1999969482422,242.19000244140625,243.3699951171875,71856898.0
2026-06-01,ADANIPOWER,245.0,245.69000244140625,231.75,232.3000030517578,46168552.0
2026-06-02,ADANIPOWER,230.0,236.6699981689453,227.41000366210938,235.92999267578125,40494771.0
2026-06-03,ADANIPOWER,237.0,237.14999389648438,229.42999267578125,232.52000427246094,22600806.0
2026-06-04,ADANIPOWER,230.5,235.64999389648438,229.14999389648438,230.02999877929688,23485301.0
2026-06-05,ADANIPOWER,231.67999267578125,236.25,230.10000610351562,232.60000610351562,30846795.0
2026-05-25,TATASTEEL,211.3000030517578,211.75,209.44000244140625,210.22000122070312,23090495.0
2026-05-26,TATASTEEL,209.89999389648438,211.13999938964844,209.50999450683594,210.47000122070312,17801824.0
2026-05-27,TATASTEEL,210.6999969482422,218.9600067138672,210.6999969482422,214.6999969482422,39110042.0
2026-05-28,TATASTEEL,214.6999969482422,214.6999969482422,214.6999969482422,214.6999969482422,0.0
2026-05-29,TATASTEEL,215.69000244140625,215.6999969482422,206.6999969482422,208.02000427246094,67467374.0
2026-06-01,TATASTEEL,210.0,211.39999389648438,206.5,210.57000732421875,23733470.0
2026-06-02,TATASTEEL,209.00999450683594,213.4600067138672,208.57000732421875,210.60000610351562,29358964.0
2026-06-03,TATASTEEL,210.7100067138672,212.49000549316406,207.60000610351562,211.88999938964844,23198930.0
2026-06-04,TATASTEEL,210.4199981689453,212.24000549316406,209.30999755859375,210.57000732421875,18939468.0
2026-06-05,TATASTEEL,209.39999389648438,210.5,203.89999389648438,206.77000427246094,35802398.0
2026-05-25,TATACONSUM,1191.0,1198.5999755859375,1181.5,1187.199951171875,1811755.0
2026-05-26,TATACONSUM,1191.699951171875,1200.199951171875,1174.5,1187.5999755859375,1766780.0
2026-05-27,TATACONSUM,1190.0,1208.0,1184.699951171875,1204.5999755859375,1608027.0
2026-05-28,TATACONSUM,1204.5999755859375,1204.5999755859375,1204.5999755859375,1204.5999755859375,0.0
2026-05-29,TATACONSUM,1204.5999755859375,1211.0,1168.4000244140625,1178.4000244140625,9836874.0
2026-06-01,TATACONSUM,1178.4000244140625,1182.5,1140.4000244140625,1143.300048828125,2075188.0
2026-06-02,TATACONSUM,1126.5,1164.0999755859375,1124.199951171875,1154.699951171875,2873292.0
2026-06-03,TATACONSUM,1160.0,1163.9000244140625,1140.5,1144.0,1872463.0
2026-06-04,TATACONSUM,1135.0,1163.4000244140625,1135.0,1149.300048828125,1711734.0
2026-06-05,TATACONSUM,1149.800048828125,1156.0,1129.0,1130.9000244140625,998276.0
2026-05-25,TMCV,386.0,399.3500061035156,386.0,395.6499938964844,11762656.0
2026-05-26,TMCV,394.70001220703125,398.25,383.3999938964844,385.1000061035156,7730325.0
2026-05-27,TMCV,386.95001220703125,391.79998779296875,378.5,383.8500061035156,6674566.0
2026-05-28,TMCV,383.8500061035156,383.8500061035156,383.8500061035156,383.8500061035156,0.0
2026-05-29,TMCV,387.45001220703125,391.6499938964844,377.04998779296875,379.5,21660601.0
2026-06-01,TMCV,385.0,386.8500061035156,372.5,374.25,6033578.0
2026-06-02,TMCV,373.0,376.25,367.1499938964844,370.54998779296875,6888352.0
2026-06-03,TMCV,368.79998779296875,377.1000061035156,363.0,373.95001220703125,9637658.0
2026-06-04,TMCV,373.95001220703125,387.95001220703125,371.5,373.6000061035156,9943282.0
2026-06-05,TMCV,376.6000061035156,378.6000061035156,367.04998779296875,369.1499938964844,6074601.0
2026-05-25,MFSL,1700.0,1735.4000244140625,1671.300048828125,1726.800048828125,509868.0
2026-05-26,MFSL,1725.5999755859375,1748.0,1714.199951171875,1725.5999755859375,890169.0
2026-05-27,MFSL,1721.0,1725.699951171875,1674.199951171875,1682.300048828125,696946.0
2026-05-28,MFSL,1682.300048828125,1682.300048828125,1682.300048828125,1682.300048828125,0.0
2026-05-29,MFSL,1688.0,1689.300048828125,1653.5999755859375,1674.0,805981.0
2026-06-01,MFSL,1674.0,1679.9000244140625,1618.5999755859375,1624.4000244140625,838434.0
2026-06-02,MFSL,1600.0999755859375,1611.699951171875,1583.0,1595.4000244140625,515020.0
2026-06-03,MFSL,1588.5999755859375,1588.5999755859375,1541.0,1559.5999755859375,882314.0
2026-06-04,MFSL,1546.0,1596.5999755859375,1541.0,1581.5,649677.0
2026-06-05,MFSL,1580.0999755859375,1622.4000244140625,1576.0,1604.199951171875,310836.0
2026-05-25,PRESTIGE,1413.699951171875,1421.199951171875,1392.199951171875,1401.4000244140625,1227153.0
2026-05-26,PRESTIGE,1401.300048828125,1407.5999755859375,1381.0,1402.199951171875,633072.0
2026-05-27,PRESTIGE,1405.0,1434.0,1395.0,1399.800048828125,616254.0
2026-05-28,PRESTIGE,1399.800048828125,1399.800048828125,1399.800048828125,1399.800048828125,0.0
2026-05-29,PRESTIGE,1389.199951171875,1423.0,1353.800048828125,1369.199951171875,1176813.0
2026-06-01,PRESTIGE,1377.9000244140625,1390.0,1349.9000244140625,1358.199951171875,534383.0
2026-06-02,PRESTIGE,1354.0999755859375,1403.300048828125,1343.800048828125,1395.0,382252.0
2026-06-03,PRESTIGE,1399.0,1399.0,1336.199951171875,1345.5999755859375,630966.0
2026-06-04,PRESTIGE,1330.0,1364.5999755859375,1325.0,1356.800048828125,376491.0
2026-06-05,PRESTIGE,1368.9000244140625,1409.5,1356.9000244140625,1381.0999755859375,880762.0
2026-05-25,AXISBANK,1300.4000244140625,1314.5,1293.9000244140625,1311.199951171875,5671455.0
2026-05-26,AXISBANK,1309.800048828125,1317.0,1291.5,1299.300048828125,6455265.0
2026-05-27,AXISBANK,1296.300048828125,1314.5,1293.0999755859375,1304.0999755859375,7243174.0
2026-05-28,AXISBANK,1304.0999755859375,1304.0999755859375,1304.0999755859375,1304.0999755859375,0.0
2026-05-29,AXISBANK,1296.0999755859375,1312.5999755859375,1277.4000244140625,1286.5999755859375,15215715.0
2026-06-01,AXISBANK,1289.0,1293.199951171875,1267.0,1275.9000244140625,4311076.0
2026-06-02,AXISBANK,1263.0,1275.800048828125,1244.9000244140625,1251.0999755859375,11884695.0
2026-06-03,AXISBANK,1245.0999755859375,1264.800048828125,1230.300048828125,1255.199951171875,7953326.0
2026-06-04,AXISBANK,1246.0,1259.9000244140625,1244.0999755859375,1253.300048828125,6392593.0
2026-06-05,AXISBANK,1260.0,1276.0,1252.0999755859375,1272.300048828125,7825303.0
2026-05-25,KIRLOSBROS,1624.0,1653.300048828125,1614.0999755859375,1628.5,39573.0
2026-05-26,KIRLOSBROS,1628.5,1643.9000244140625,1605.0,1610.5999755859375,26305.0
2026-05-27,KIRLOSBROS,1618.0,1657.9000244140625,1610.5,1652.4000244140625,43737.0
2026-05-28,KIRLOSBROS,1652.4000244140625,1652.4000244140625,1652.4000244140625,1652.4000244140625,0.0
2026-05-29,KIRLOSBROS,1670.0,1734.800048828125,1610.0,1633.0,220787.0
2026-06-01,KIRLOSBROS,1640.5999755859375,1678.199951171875,1612.5,1624.0,51099.0
2026-06-02,KIRLOSBROS,1612.199951171875,1646.0999755859375,1594.300048828125,1619.5,40705.0
2026-06-03,KIRLOSBROS,1620.4000244140625,1633.5999755859375,1596.4000244140625,1614.0999755859375,29561.0
2026-06-04,KIRLOSBROS,1614.0999755859375,1657.4000244140625,1614.0999755859375,1624.0999755859375,50507.0
2026-06-05,KIRLOSBROS,1634.300048828125,1757.0,1633.5999755859375,1711.0999755859375,546682.0
2026-05-25,BOSCHLTD,36400.0,36760.0,36200.0,36310.0,21720.0
2026-05-26,BOSCHLTD,36430.0,36595.0,35735.0,35835.0,21187.0
2026-05-27,BOSCHLTD,36000.0,36135.0,35850.0,36035.0,14903.0
2026-05-28,BOSCHLTD,36035.0,36035.0,36035.0,36035.0,0.0
2026-05-29,BOSCHLTD,36365.0,37950.0,36290.0,36625.0,168254.0
2026-06-01,BOSCHLTD,37155.0,37350.0,36515.0,36705.0,45064.0
2026-06-02,BOSCHLTD,36550.0,37500.0,35755.0,37220.0,53220.0
2026-06-03,BOSCHLTD,37220.0,38350.0,36735.0,37760.0,41647.0
2026-06-04,BOSCHLTD,37755.0,38100.0,36875.0,37000.0,30639.0
2026-06-05,BOSCHLTD,37320.0,37475.0,36600.0,37240.0,26904.0
2026-05-25,JUBLFOOD,440.0,446.25,436.1000061035156,438.75,5413480.0
2026-05-26,JUBLFOOD,438.79998779296875,440.20001220703125,428.25,430.04998779296875,4452681.0
2026-05-27,JUBLFOOD,429.0,433.8500061035156,425.3999938964844,427.29998779296875,1296399.0
2026-05-28,JUBLFOOD,427.29998779296875,427.29998779296875,427.29998779296875,427.29998779296875,0.0
2026-05-29,JUBLFOOD,427.0,437.75,422.1499938964844,427.5,41607027.0
2026-06-01,JUBLFOOD,430.0,434.29998779296875,420.0,423.70001220703125,5149494.0
2026-06-02,JUBLFOOD,420.0,433.6499938964844,413.29998779296875,430.70001220703125,9674064.0
2026-06-03,JUBLFOOD,430.75,437.3999938964844,427.20001220703125,432.29998779296875,3809632.0
2026-06-04,JUBLFOOD,432.3500061035156,436.95001220703125,426.29998779296875,430.29998779296875,2129882.0
2026-06-05,JUBLFOOD,430.6499938964844,434.6499938964844,425.1000061035156,427.20001220703125,1318907.0
2026-05-25,SONATSOFTW,269.04998779296875,278.3999938964844,267.1499938964844,274.1000061035156,775257.0
2026-05-26,SONATSOFTW,274.1499938964844,277.5,269.0,270.1000061035156,349749.0
2026-05-27,SONATSOFTW,272.25,272.6499938964844,265.0,265.75,290028.0
2026-05-28,SONATSOFTW,265.75,265.75,265.75,265.75,0.0
2026-05-29,SONATSOFTW,268.04998779296875,274.3999938964844,261.1000061035156,265.1000061035156,753303.0
2026-06-01,SONATSOFTW,266.5,273.25,264.1499938964844,266.3500061035156,658351.0
2026-06-02,SONATSOFTW,267.0,292.3999938964844,267.0,278.3500061035156,15861090.0
2026-06-03,SONATSOFTW,277.95001220703125,277.95001220703125,261.79998779296875,267.3500061035156,1607373.0
2026-06-04,SONATSOFTW,265.3500061035156,267.45001220703125,262.20001220703125,264.79998779296875,592306.0
2026-06-05,SONATSOFTW,266.45001220703125,273.3999938964844,263.54998779296875,265.70001220703125,577592.0
2026-05-25,PERSISTENT,5030.0,5077.0,4971.5,5038.0,328328.0
2026-05-26,PERSISTENT,5038.0,5137.2998046875,5021.0,5105.7998046875,456026.0
2026-05-27,PERSISTENT,5100.0,5134.39990234375,5064.2998046875,5098.39990234375,206977.0
2026-05-28,PERSISTENT,5098.39990234375,5098.39990234375,5098.39990234375,5098.39990234375,0.0
2026-05-29,PERSISTENT,5150.0,5278.0,5150.0,5194.2998046875,1393236.0
2026-06-01,PERSISTENT,5238.0,5498.0,5226.5,5402.0,1017776.0
2026-06-02,PERSISTENT,5440.5,5612.0,5415.0,5470.5,1368824.0
2026-06-03,PERSISTENT,5380.0,5380.0,5076.0,5097.5,768497.0
2026-06-04,PERSISTENT,5050.0,5186.5,4978.0,5121.5,380369.0
2026-06-05,PERSISTENT,5199.0,5233.5,5011.0,5038.5,423726.0
2026-05-25,CUMMINSIND,5419.0,5419.5,5337.5,5382.0,284889.0
2026-05-26,CUMMINSIND,5360.0,5442.0,5359.0,5418.5,304814.0
2026-05-27,CUMMINSIND,5414.0,6099.0,5402.5,6027.5,1722262.0
2026-05-28,CUMMINSIND,6027.5,6027.5,6027.5,6027.5,0.0
2026-05-29,CUMMINSIND,6100.0,6100.0,5855.5,5881.0,2020815.0
2026-06-01,CUMMINSIND,5979.5,5979.5,5662.5,5680.5,597518.0
2026-06-02,CUMMINSIND,5665.0,5764.5,5607.0,5708.0,702121.0
2026-06-03,CUMMINSIND,5741.0,5749.0,5657.0,5692.5,384967.0
2026-06-04,CUMMINSIND,5700.0,5867.5,5662.5,5787.5,502845.0
2026-06-05,CUMMINSIND,5845.0,5869.0,5750.0,5784.0,381090.0
2026-05-25,BHARATFORG,1914.800048828125,1942.9000244140625,1896.300048828125,1918.300048828125,831690.0
2026-05-26,BHARATFORG,1926.5999755859375,1939.9000244140625,1908.300048828125,1930.4000244140625,1012118.0
2026-05-27,BHARATFORG,1938.9000244140625,1961.0,1916.0,1938.5999755859375,561943.0
2026-05-28,BHARATFORG,1938.5999755859375,1938.5999755859375,1938.5999755859375,1938.5999755859375,0.0
2026-05-29,BHARATFORG,1956.4000244140625,1967.800048828125,1920.0,1957.199951171875,3127027.0
2026-06-01,BHARATFORG,1970.0999755859375,1970.0999755859375,1915.300048828125,1922.699951171875,758736.0
2026-06-02,BHARATFORG,1913.9000244140625,1918.800048828125,1870.5,1902.9000244140625,1291251.0
2026-06-03,BHARATFORG,1908.0999755859375,1948.9000244140625,1893.9000244140625,1936.5,808066.0
2026-06-04,BHARATFORG,1936.5,1988.5,1931.5,1937.5,1347808.0
2026-06-05,BHARATFORG,1928.0999755859375,1952.0,1917.0999755859375,1929.800048828125,380703.0
2026-05-25,MPHASIS,2252.0,2270.0,2225.0,2244.0,190879.0
2026-05-26,MPHASIS,2247.0,2288.89990234375,2240.5,2265.300048828125,297568.0
2026-05-27,MPHASIS,2270.699951171875,2288.300048828125,2224.10009765625,2232.89990234375,241776.0
2026-05-28,MPHASIS,2232.89990234375,2232.89990234375,2232.89990234375,2232.89990234375,0.0
2026-05-29,MPHASIS,2300.0,2309.0,2259.89990234375,2271.39990234375,1301407.0
2026-06-01,MPHASIS,2286.0,2373.0,2282.800048828125,2310.5,735924.0
2026-06-02,MPHASIS,2323.199951171875,2430.5,2323.0,2387.699951171875,1126516.0
2026-06-03,MPHASIS,2336.699951171875,2358.0,2281.0,2288.5,595642.0
2026-06-04,MPHASIS,2261.5,2328.5,2245.0,2315.89990234375,506785.0
2026-06-05,MPHASIS,2328.5,2355.699951171875,2307.39990234375,2330.0,341938.0
2026-05-25,LUPIN,2294.0,2294.0,2269.800048828125,2287.199951171875,773725.0
2026-05-26,LUPIN,2287.199951171875,2294.0,2250.0,2266.0,889172.0
2026-05-27,LUPIN,2258.300048828125,2292.199951171875,2250.5,2276.39990234375,568728.0
2026-05-28,LUPIN,2276.39990234375,2276.39990234375,2276.39990234375,2276.39990234375,0.0
2026-05-29,LUPIN,2289.0,2301.39990234375,2256.199951171875,2267.699951171875,2937904.0
2026-06-01,LUPIN,2285.39990234375,2286.0,2231.199951171875,2262.89990234375,1482207.0
2026-06-02,LUPIN,2242.0,2259.199951171875,2219.800048828125,2249.800048828125,822811.0
2026-06-03,LUPIN,2248.60009765625,2265.0,2235.0,2261.199951171875,570270.0
2026-06-04,LUPIN,2261.60009765625,2270.800048828125,2244.699951171875,2249.800048828125,663261.0
2026-06-05,LUPIN,2275.39990234375,2306.300048828125,2260.0,2267.699951171875,1024417.0
2026-05-25,HAVELLS,1209.9000244140625,1214.800048828125,1200.800048828125,1203.800048828125,375805.0
2026-05-26,HAVELLS,1205.4000244140625,1205.800048828125,1193.9000244140625,1201.0,475276.0
2026-05-27,HAVELLS,1203.0,1219.4000244140625,1201.5999755859375,1211.0,1246990.0
2026-05-28,HAVELLS,1211.0,1211.0,1211.0,1211.0,0.0
2026-05-29,HAVELLS,1214.4000244140625,1215.9000244140625,1166.0,1176.800048828125,4333519.0
2026-06-01,HAVELLS,1185.300048828125,1186.199951171875,1138.0999755859375,1143.199951171875,936054.0
2026-06-02,HAVELLS,1133.0,1177.699951171875,1123.5999755859375,1174.5999755859375,1283197.0
2026-06-03,HAVELLS,1184.199951171875,1184.199951171875,1153.300048828125,1156.4000244140625,873609.0
2026-06-04,HAVELLS,1145.699951171875,1176.800048828125,1137.0,1166.4000244140625,645046.0
2026-06-05,HAVELLS,1177.5999755859375,1177.5999755859375,1147.800048828125,1150.5,751308.0
2026-05-25,VAIBHAVGBL,224.8000030517578,233.0,224.0,229.22000122070312,498552.0
2026-05-26,VAIBHAVGBL,227.0,234.49000549316406,225.99000549316406,227.5,252488.0
2026-05-27,VAIBHAVGBL,227.0,231.58999633789062,226.14999389648438,227.6300048828125,190191.0
2026-05-28,VAIBHAVGBL,227.6300048828125,227.6300048828125,227.6300048828125,227.6300048828125,0.0
2026-05-29,VAIBHAVGBL,227.5,230.69000244140625,221.6300048828125,222.69000244140625,212084.0
2026-06-01,VAIBHAVGBL,223.02999877929688,235.5,221.0,225.17999267578125,592164.0
2026-06-02,VAIBHAVGBL,223.02000427246094,235.8000030517578,220.39999389648438,234.74000549316406,547103.0
2026-06-03,VAIBHAVGBL,237.0,237.60000610351562,224.25,230.89999389648438,534581.0
2026-06-04,VAIBHAVGBL,230.60000610351562,239.8000030517578,229.05999755859375,232.55999755859375,442976.0
2026-06-05,VAIBHAVGBL,233.0,234.9600067138672,227.14999389648438,228.4600067138672,242356.0
2026-05-25,BLUESTARCO,1675.0,1681.800048828125,1642.0,1652.300048828125,241058.0
2026-05-26,BLUESTARCO,1654.9000244140625,1654.9000244140625,1610.699951171875,1640.9000244140625,529628.0
2026-05-27,BLUESTARCO,1640.9000244140625,1664.9000244140625,1630.4000244140625,1657.0999755859375,225572.0
2026-05-28,BLUESTARCO,1657.0999755859375,1657.0999755859375,1657.0999755859375,1657.0999755859375,0.0
2026-05-29,BLUESTARCO,1655.0,1655.0999755859375,1581.0,1589.0,685025.0
2026-06-01,BLUESTARCO,1590.0999755859375,1594.800048828125,1540.0,1544.800048828125,480289.0
2026-06-02,BLUESTARCO,1533.0999755859375,1586.5999755859375,1508.0999755859375,1579.5999755859375,428890.0
2026-06-03,BLUESTARCO,1572.5,1586.800048828125,1546.300048828125,1580.800048828125,308002.0
2026-06-04,BLUESTARCO,1580.199951171875,1652.800048828125,1569.5999755859375,1607.5999755859375,1336959.0
2026-06-05,BLUESTARCO,1625.9000244140625,1625.9000244140625,1572.0999755859375,1581.800048828125,479288.0
2026-05-25,M&MFIN,304.04998779296875,313.6000061035156,302.0,308.54998779296875,2930179.0
2026-05-26,M&MFIN,308.04998779296875,314.95001220703125,304.5,305.1000061035156,2145536.0
2026-05-27,M&MFIN,306.04998779296875,306.95001220703125,301.45001220703125,305.20001220703125,1204418.0
2026-05-28,M&MFIN,305.20001220703125,305.20001220703125,305.20001220703125,305.20001220703125,0.0
2026-05-29,M&MFIN,305.95001220703125,309.45001220703125,300.8999938964844,303.6499938964844,3373271.0
2026-06-01,M&MFIN,305.0,307.3999938964844,294.25,295.1000061035156,1439270.0
2026-06-02,M&MFIN,294.04998779296875,296.95001220703125,291.1000061035156,294.29998779296875,1355796.0
2026-06-03,M&MFIN,294.29998779296875,294.8500061035156,283.0,290.54998779296875,2723815.0
2026-06-04,M&MFIN,289.29998779296875,294.75,287.1000061035156,289.04998779296875,1933616.0
2026-06-05,M&MFIN,291.0,297.1000061035156,288.1499938964844,289.8500061035156,2760322.0
2026-05-25,DRREDDY,1320.0,1340.5,1298.699951171875,1331.4000244140625,4659781.0
2026-05-26,DRREDDY,1333.0,1341.0,1321.5999755859375,1327.9000244140625,1909354.0
2026-05-27,DRREDDY,1329.5999755859375,1346.800048828125,1316.699951171875,1319.0,959327.0
2026-05-28,DRREDDY,1319.0,1319.0,1319.0,1319.0,0.0
2026-05-29,DRREDDY,1318.800048828125,1328.5999755859375,1297.5,1303.5,5424483.0
2026-06-01,DRREDDY,1310.0999755859375,1319.5999755859375,1284.800048828125,1290.4000244140625,1379034.0
2026-06-02,DRREDDY,1280.199951171875,1284.699951171875,1264.0999755859375,1274.0,2021793.0
2026-06-03,DRREDDY,1269.5,1275.199951171875,1256.9000244140625,1263.300048828125,1226407.0
2026-06-04,DRREDDY,1257.300048828125,1274.9000244140625,1248.4000244140625,1267.5,944045.0
2026-06-05,DRREDDY,1273.0,1289.4000244140625,1268.5,1278.199951171875,774687.0
2026-05-25,TATACAP,304.79998779296875,311.75,303.29998779296875,309.54998779296875,3918772.0
2026-05-26,TATACAP,310.0,318.0,309.6499938964844,317.0,3041108.0
2026-05-27,TATACAP,317.0,317.0,309.79998779296875,310.3999938964844,1174071.0
2026-05-28,TATACAP,310.3999938964844,310.3999938964844,310.3999938964844,310.3999938964844,0.0
2026-05-29,TATACAP,310.3999938964844,313.79998779296875,301.3500061035156,305.8999938964844,2044700.0
2026-06-01,TATACAP,305.8999938964844,308.3999938964844,299.54998779296875,300.95001220703125,1744494.0
2026-06-02,TATACAP,300.1000061035156,301.45001220703125,296.0,300.75,1983203.0
2026-06-03,TATACAP,300.75,310.1000061035156,298.04998779296875,309.1000061035156,2647388.0
2026-06-04,TATACAP,310.0,313.0,306.3999938964844,311.20001220703125,1979349.0
2026-06-05,TATACAP,313.0,316.95001220703125,312.5,314.79998779296875,2310384.0
2026-05-25,APLAPOLLO,1900.0,1908.9000244140625,1875.0,1898.5999755859375,622447.0
2026-05-26,APLAPOLLO,1898.0,1898.0,1859.0,1874.0999755859375,1374115.0
2026-05-27,APLAPOLLO,1872.0999755859375,1943.4000244140625,1854.0,1867.699951171875,826764.0
2026-05-28,APLAPOLLO,1867.699951171875,1867.699951171875,1867.699951171875,1867.699951171875,0.0
2026-05-29,APLAPOLLO,1897.9000244140625,1897.9000244140625,1820.0,1831.0999755859375,1955412.0
2026-06-01,APLAPOLLO,1834.699951171875,1841.0,1783.5999755859375,1788.300048828125,940088.0
2026-06-02,APLAPOLLO,1770.0,1794.199951171875,1736.0,1769.199951171875,1428766.0
2026-06-03,APLAPOLLO,1769.199951171875,1815.0,1750.199951171875,1805.4000244140625,504434.0
2026-06-04,APLAPOLLO,1797.699951171875,1823.0,1792.699951171875,1808.4000244140625,858119.0
2026-06-05,APLAPOLLO,1810.0,1854.699951171875,1810.0,1822.5999755859375,985798.0
2026-05-25,UPL,636.9000244140625,654.5499877929688,636.8499755859375,652.2999877929688,1467073.0
2026-05-26,UPL,654.0,661.5999755859375,652.4000244140625,655.0,1770548.0
2026-05-27,UPL,657.9000244140625,659.7000122070312,653.75,656.1500244140625,896366.0
2026-05-28,UPL,656.1500244140625,656.1500244140625,656.1500244140625,656.1500244140625,0.0
2026-05-29,UPL,656.25,660.9000244140625,638.5,644.7999877929688,6468953.0
2026-06-01,UPL,647.25,655.5999755859375,644.0,645.25,1051878.0
2026-06-02,UPL,641.3499755859375,645.2000122070312,640.0,641.6500244140625,2047381.0
2026-06-03,UPL,641.2999877929688,648.0,634.5,646.0499877929688,2055293.0
2026-06-04,UPL,642.75,646.5,636.3499755859375,639.1500244140625,1291962.0
2026-06-05,UPL,643.0,644.0499877929688,630.0,637.4500122070312,2556112.0
2026-05-25,ALKEM,5485.0,5485.0,5388.5,5400.5,41636.0
2026-05-26,ALKEM,5405.0,5422.0,5336.0,5380.0,63451.0
2026-05-27,ALKEM,5414.5,5521.5,5329.0,5451.5,186374.0
2026-05-28,ALKEM,5451.5,5451.5,5451.5,5451.5,0.0
2026-05-29,ALKEM,5578.0,5789.0,5472.0,5498.0,1404988.0
2026-06-01,ALKEM,5443.5,5474.0,5280.0,5314.5,215846.0
2026-06-02,ALKEM,5272.5,5449.0,5223.5,5239.0,216729.0
2026-06-03,ALKEM,5255.0,5297.0,5162.5,5274.0,167288.0
2026-06-04,ALKEM,5274.0,5339.0,5213.5,5276.5,150489.0
2026-06-05,ALKEM,5299.5,5338.5,5222.5,5251.5,143792.0
2026-05-25,MARICO,832.0,834.0,812.0,823.3499755859375,1118732.0
2026-05-26,MARICO,822.5,835.0,820.6500244140625,830.0,2110705.0
2026-05-27,MARICO,832.0,845.0,829.75,833.7999877929688,986465.0
2026-05-28,MARICO,833.7999877929688,833.7999877929688,833.7999877929688,833.7999877929688,0.0
2026-05-29,MARICO,841.6500244140625,841.6500244140625,817.0999755859375,821.7000122070312,7257304.0
2026-06-01,MARICO,812.0,821.5,802.75,805.7000122070312,1236356.0
2026-06-02,MARICO,794.9000244140625,812.4500122070312,794.8499755859375,810.9500122070312,1433084.0
2026-06-03,MARICO,806.8499755859375,814.8499755859375,801.5499877929688,811.25,1106240.0
2026-06-04,MARICO,811.25,826.5499877929688,805.4500122070312,816.8499755859375,1908015.0
2026-06-05,MARICO,823.9500122070312,823.9500122070312,807.0999755859375,810.6500244140625,1801418.0
2026-05-25,ABB,6734.0,6826.0,6712.5,6755.0,263153.0
2026-05-26,ABB,6755.0,6822.0,6722.0,6804.0,200573.0
2026-05-27,ABB,6841.5,7244.0,6808.0,7219.0,636096.0
2026-05-28,ABB,7219.0,7219.0,7219.0,7219.0,0.0
2026-05-29,ABB,7280.0,7340.0,7121.0,7253.0,1105117.0
2026-06-01,ABB,7253.0,7254.0,7004.0,7027.5,452205.0
2026-06-02,ABB,6970.0,7169.0,6957.0,7146.0,511846.0
2026-06-03,ABB,7146.0,7247.0,7083.0,7196.0,309040.0
2026-06-04,ABB,7192.0,7327.0,7122.5,7156.0,298566.0
2026-06-05,ABB,7175.0,7217.0,7108.5,7167.5,249982.0
2026-05-25,GMRAIRPORT,96.45999908447266,97.36000061035156,96.25,96.9000015258789,6664583.0
2026-05-26,GMRAIRPORT,97.19999694824219,97.19999694824219,95.77999877929688,96.2300033569336,9727707.0
2026-05-27,GMRAIRPORT,96.26000213623047,98.5999984741211,96.26000213623047,97.83999633789062,10776154.0
2026-05-28,GMRAIRPORT,97.83999633789062,97.83999633789062,97.83999633789062,97.83999633789062,0.0
2026-05-29,GMRAIRPORT,102.0,104.13999938964844,99.55999755859375,100.37000274658203,131030009.0
2026-06-01,GMRAIRPORT,101.0,102.2300033569336,96.69999694824219,97.05999755859375,16277504.0
2026-06-02,GMRAIRPORT,96.0,98.95999908447266,95.47000122070312,98.12999725341797,13932866.0
2026-06-03,GMRAIRPORT,99.05000305175781,101.0,97.2300033569336,98.77999877929688,19689823.0
2026-06-04,GMRAIRPORT,98.01000213623047,104.0,97.26000213623047,101.98999786376953,43377542.0
2026-06-05,GMRAIRPORT,102.9800033569336,103.94999694824219,101.55999755859375,102.02999877929688,21055639.0
2026-05-25,IOC,144.05999755859375,145.3000030517578,143.14999389648438,143.9499969482422,24525241.0
2026-05-26,IOC,143.6999969482422,144.11000061035156,141.57000732421875,142.3800048828125,9355269.0
2026-05-27,IOC,142.08999633789062,144.85000610351562,141.4199981689453,143.94000244140625,10981894.0
2026-05-28,IOC,143.94000244140625,143.94000244140625,143.94000244140625,143.94000244140625,0.0
2026-05-29,IOC,146.0,147.0,139.6300048828125,140.24000549316406,36212028.0
2026-06-01,IOC,140.5,141.47999572753906,138.60000610351562,138.8000030517578,13055381.0
2026-06-02,IOC,137.99000549316406,139.63999938964844,137.30999755859375,138.8300018310547,9425916.0
2026-06-03,IOC,138.19000244140625,138.3300018310547,136.60000610351562,137.3800048828125,14280727.0
2026-06-04,IOC,137.69000244140625,139.99000549316406,136.8000030517578,138.9499969482422,10664527.0
2026-06-05,IOC,139.0,139.38999938964844,137.63999938964844,138.25999450683594,10644029.0
2026-05-25,INDHOTEL,654.25,666.4500122070312,654.25,663.5499877929688,1738393.0
2026-05-26,INDHOTEL,663.5999755859375,665.9000244140625,652.75,657.1500244140625,1883174.0
2026-05-27,INDHOTEL,658.9500122070312,669.0,656.6500244140625,667.7000122070312,1360823.0
2026-05-28,INDHOTEL,667.7000122070312,667.7000122070312,667.7000122070312,667.7000122070312,0.0
2026-05-29,INDHOTEL,669.0,673.2000122070312,650.5999755859375,654.25,5298646.0
2026-06-01,INDHOTEL,663.0,663.0,643.9500122070312,646.75,4278527.0
2026-06-02,INDHOTEL,640.0999755859375,664.2000122070312,635.0,661.6500244140625,2270486.0
2026-06-03,INDHOTEL,661.5499877929688,661.5499877929688,649.0499877929688,656.2999877929688,1595640.0
2026-06-04,INDHOTEL,652.0,663.7000122070312,649.5499877929688,661.5499877929688,2091666.0
2026-06-05,INDHOTEL,664.0,668.5,652.5999755859375,657.5999755859375,1151265.0
2026-05-25,LICI,413.92498779296875,423.25,410.7250061035156,418.67498779296875,9892270.0
2026-05-26,LICI,420.8500061035156,428.54998779296875,417.125,427.45001220703125,8146676.0
2026-05-27,LICI,427.5,427.5,409.42498779296875,415.0,11287600.0
2026-05-28,LICI,415.0,415.0,415.0,415.0,0.0
2026-05-29,LICI,417.6000061035156,421.45001220703125,410.0,411.3500061035156,5247712.0
2026-06-01,LICI,413.3999938964844,414.3500061035156,403.6000061035156,404.8500061035156,4106271.0
2026-06-02,LICI,401.0,403.25,397.1000061035156,400.70001220703125,3873835.0
2026-06-03,LICI,400.70001220703125,404.79998779296875,397.5,402.8999938964844,4244501.0
2026-06-04,LICI,400.5,401.5,396.6000061035156,398.6499938964844,3174167.0
2026-06-05,LICI,395.8999938964844,403.0,395.1000061035156,399.8999938964844,3180615.0
2026-05-25,SAMMAANCAP,163.60000610351562,169.17999267578125,161.75,168.55999755859375,41737350.0
2026-05-26,SAMMAANCAP,167.0,171.8000030517578,166.86000061035156,167.7100067138672,19503609.0
2026-05-27,SAMMAANCAP,168.1999969482422,175.5,168.00999450683594,173.32000732421875,33567073.0
2026-05-28,SAMMAANCAP,173.32000732421875,173.32000732421875,173.32000732421875,173.32000732421875,0.0
2026-05-29,SAMMAANCAP,174.0,181.25,174.0,177.00999450683594,26648851.0
2026-06-01,SAMMAANCAP,178.0,180.27000427246094,174.52000427246094,177.35000610351562,14994346.0
2026-06-02,SAMMAANCAP,176.6199951171875,181.83999633789062,176.1699981689453,178.91000366210938,13620177.0
2026-06-03,SAMMAANCAP,178.8800048828125,180.10000610351562,172.1999969482422,177.9199981689453,17811574.0
2026-06-04,SAMMAANCAP,177.94000244140625,185.4499969482422,176.0,183.1199951171875,22212655.0
2026-06-05,SAMMAANCAP,183.6999969482422,192.33999633789062,183.17999267578125,184.27999877929688,25603657.0
2026-05-25,CONCOR,509.0,513.5,506.8999938964844,512.0499877929688,720289.0
2026-05-26,CONCOR,490.79998779296875,494.8999938964844,472.6000061035156,475.8999938964844,9180116.0
2026-05-27,CONCOR,480.5,480.8500061035156,470.29998779296875,472.29998779296875,3621683.0
2026-05-28,CONCOR,472.29998779296875,472.29998779296875,472.29998779296875,472.29998779296875,0.0
2026-05-29,CONCOR,472.95001220703125,477.6499938964844,460.1499938964844,463.6499938964844,2702698.0
2026-06-01,CONCOR,465.1000061035156,469.8999938964844,457.0,464.1000061035156,1343567.0
2026-06-02,CONCOR,461.95001220703125,464.1499938964844,455.5,459.45001220703125,1147202.0
2026-06-03,CONCOR,461.0,461.8999938964844,446.0,451.8999938964844,1889989.0
2026-06-04,CONCOR,451.8999938964844,455.25,448.20001220703125,454.3500061035156,1542940.0
2026-06-05,CONCOR,452.54998779296875,457.79998779296875,446.79998779296875,450.95001220703125,1855533.0
2026-05-25,DEEPAKNTR,1746.5999755859375,1764.199951171875,1740.0999755859375,1745.9000244140625,101746.0
2026-05-26,DEEPAKNTR,1755.9000244140625,1758.800048828125,1722.800048828125,1727.0999755859375,107415.0
2026-05-27,DEEPAKNTR,1737.0,1740.0,1696.0,1714.800048828125,142911.0
2026-05-28,DEEPAKNTR,1714.800048828125,1714.800048828125,1714.800048828125,1714.800048828125,0.0
2026-05-29,DEEPAKNTR,1716.800048828125,1732.800048828125,1656.300048828125,1682.0,188681.0
2026-06-01,DEEPAKNTR,1675.0,1683.199951171875,1650.300048828125,1670.0999755859375,111984.0
2026-06-02,DEEPAKNTR,1650.0,1695.0,1637.300048828125,1686.5,65617.0
2026-06-03,DEEPAKNTR,1686.5999755859375,1718.800048828125,1673.699951171875,1698.9000244140625,87044.0
2026-06-04,DEEPAKNTR,1698.9000244140625,1711.199951171875,1670.0,1676.699951171875,35584.0
2026-06-05,DEEPAKNTR,1690.0,1716.0,1675.0,1680.0999755859375,58651.0
2026-05-25,ADANIGREEN,1381.0,1420.699951171875,1365.800048828125,1411.0999755859375,4194567.0
2026-05-26,ADANIGREEN,1410.0,1465.0,1403.199951171875,1457.4000244140625,4949474.0
2026-05-27,ADANIGREEN,1472.0,1518.0,1467.0,1489.9000244140625,6509853.0
2026-05-28,ADANIGREEN,1489.9000244140625,1489.9000244140625,1489.9000244140625,1489.9000244140625,0.0
2026-05-29,ADANIGREEN,1500.0,1532.5,1465.0999755859375,1475.4000244140625,4207457.0
2026-06-01,ADANIGREEN,1477.0,1486.0,1442.4000244140625,1446.9000244140625,3419134.0
2026-06-02,ADANIGREEN,1445.0,1457.800048828125,1408.5,1449.4000244140625,4897662.0
2026-06-03,ADANIGREEN,1450.0,1451.699951171875,1396.0,1427.5,2227421.0
2026-06-04,ADANIGREEN,1428.0,1455.300048828125,1418.300048828125,1423.300048828125,2248728.0
2026-06-05,ADANIGREEN,1431.0,1530.0,1430.0999755859375,1525.699951171875,10448500.0
2026-05-25,BANKINDIA,137.1208228560726,141.8658169670509,136.6850457270922,141.3913116455078,12177599.0
2026-05-26,BANKINDIA,141.3913037160566,142.35967101305994,139.44489076848032,140.40357971191406,12544549.0
2026-05-27,BANKINDIA,140.88777666634303,142.8245114432616,140.49074249080743,142.35000610351562,12172304.0
2026-05-28,BANKINDIA,142.35000610351562,142.35000610351562,142.35000610351562,142.35000610351562,0.0
2026-05-29,BANKINDIA,142.47999572753906,144.16000366210938,139.5,139.91000366210938,12099858.0
2026-06-01,BANKINDIA,140.3000030517578,140.86000061035156,136.38999938964844,136.74000549316406,7863805.0
2026-06-02,BANKINDIA,136.6999969482422,138.17999267578125,134.60000610351562,137.2899932861328,7422302.0
2026-06-03,BANKINDIA,137.67999267578125,140.52999877929688,134.6999969482422,139.9199981689453,7726413.0
2026-06-04,BANKINDIA,139.85000610351562,140.6300048828125,138.35000610351562,139.69000244140625,6349575.0
2026-06-05,BANKINDIA,139.89999389648438,143.3699951171875,139.8000030517578,141.4600067138672,12702704.0
2026-05-25,AUBANK,987.0,1007.5,986.0999755859375,999.2999877929688,1494101.0
2026-05-26,AUBANK,1001.0,1018.5,997.7999877929688,1011.7999877929688,2701128.0
2026-05-27,AUBANK,1011.7000122070312,1025.0,1002.2000122070312,1005.0,846441.0
2026-05-28,AUBANK,1005.0,1005.0,1005.0,1005.0,0.0
2026-05-29,AUBANK,1005.0,1013.2999877929688,971.0999755859375,984.7000122070312,5062185.0
2026-06-01,AUBANK,989.4000244140625,997.7999877929688,964.75,969.1500244140625,1546836.0
2026-06-02,AUBANK,964.75,985.9000244140625,951.25,976.4500122070312,800639.0
2026-06-03,AUBANK,975.4000244140625,975.9500122070312,941.4000244140625,970.5999755859375,2372021.0
2026-06-04,AUBANK,967.8499755859375,968.25,954.0,962.0499877929688,1509167.0
2026-06-05,AUBANK,962.4500122070312,982.0,960.9000244140625,969.4000244140625,1989735.0
2026-05-25,APOLLOTYRE,376.0,392.8999938964844,375.0,388.3500061035156,3668821.0
2026-05-26,APOLLOTYRE,390.0,399.20001220703125,388.1000061035156,393.25,2761966.0
2026-05-27,APOLLOTYRE,396.25,400.75,392.45001220703125,399.75,2572258.0
2026-05-28,APOLLOTYRE,399.75,399.75,399.75,399.75,0.0
2026-05-29,APOLLOTYRE,401.5,406.0,392.0,394.5,1172571.0
2026-06-01,APOLLOTYRE,395.1499938964844,398.6499938964844,383.79998779296875,385.29998779296875,977726.0
2026-06-02,APOLLOTYRE,385.45001220703125,396.0,379.79998779296875,391.75,1479954.0
2026-06-03,APOLLOTYRE,391.29998779296875,394.8999938964844,387.95001220703125,391.1499938964844,541725.0
2026-06-04,APOLLOTYRE,389.29998779296875,398.29998779296875,387.95001220703125,395.75,943323.0
2026-06-05,APOLLOTYRE,398.75,399.0,395.04998779296875,396.79998779296875,388734.0
2026-05-25,CANBK,130.8000030517578,134.1999969482422,130.0,133.6999969482422,27988813.0
2026-05-26,CANBK,134.32000732421875,135.5,132.5800018310547,133.14999389648438,23285321.0
2026-05-27,CANBK,133.47999572753906,135.3000030517578,133.10000610351562,134.16000366210938,26115218.0
2026-05-28,CANBK,134.16000366210938,134.16000366210938,134.16000366210938,134.16000366210938,0.0
2026-05-29,CANBK,134.9600067138672,135.14999389648438,130.14999389648438,130.8000030517578,57212379.0
2026-06-01,CANBK,131.4499969482422,132.22000122070312,127.5,127.95999908447266,27235875.0
2026-06-02,CANBK,127.0,129.5,125.5,129.0800018310547,39618370.0
2026-06-03,CANBK,129.14999389648438,132.25,127.23999786376953,131.85000610351562,38359464.0
2026-06-04,CANBK,131.0,133.4499969482422,129.72999572753906,133.1199951171875,24944436.0
2026-06-05,CANBK,133.1999969482422,136.39999389648438,133.0399932861328,135.80999755859375,47139920.0
2026-05-25,ADANIENSOL,1381.199951171875,1412.0,1357.5999755859375,1404.300048828125,3046325.0
2026-05-26,ADANIENSOL,1405.0,1489.0,1397.5999755859375,1463.300048828125,6172118.0
2026-05-27,ADANIENSOL,1485.0,1558.800048828125,1475.0999755859375,1540.0999755859375,7841736.0
2026-05-28,ADANIENSOL,1540.0999755859375,1540.0999755859375,1540.0999755859375,1540.0999755859375,0.0
2026-05-29,ADANIENSOL,1557.0999755859375,1578.5,1504.0,1513.300048828125,3353166.0
2026-06-01,ADANIENSOL,1521.800048828125,1524.0,1486.5,1496.5,2692605.0
2026-06-02,ADANIENSOL,1494.199951171875,1536.800048828125,1475.5,1530.5999755859375,2826067.0
2026-06-03,ADANIENSOL,1531.5,1532.0,1445.0,1493.0999755859375,4433558.0
2026-06-04,ADANIENSOL,1492.0,1526.800048828125,1482.9000244140625,1520.0,2706265.0
2026-06-05,ADANIENSOL,1528.4000244140625,1591.4000244140625,1527.0,1579.0,5528998.0
2026-05-25,COLPAL,2160.23437989986,2170.117869986144,2056.359043870702,2072.56787109375,1433773.0
2026-05-26,COLPAL,2075.4338207612423,2082.3522632684844,2027.3012761486536,2052.899658203125,932673.0
2026-05-27,COLPAL,2056.062456776665,2074.841087628865,2046.0800354367761,2063.07958984375,199944.0
2026-05-28,COLPAL,2063.07958984375,2063.07958984375,2063.07958984375,2063.07958984375,0.0
2026-05-29,COLPAL,2075.5327916940746,2084.329000816612,2026.5105873337054,2035.89990234375,1193673.0
2026-06-01,COLPAL,2049.699951171875,2053.0,1979.0,1990.0999755859375,689578.0
2026-06-02,COLPAL,1985.0,2004.800048828125,1976.5,1998.800048828125,299055.0
2026-06-03,COLPAL,1997.0,2022.800048828125,1984.5999755859375,2018.5999755859375,308158.0
2026-06-04,COLPAL,2018.300048828125,2032.300048828125,1995.0,2004.4000244140625,321958.0
2026-06-05,COLPAL,2016.0,2020.9000244140625,1991.0,1999.5,174541.0
2026-05-25,OBEROIRLTY,1671.0999755859375,1720.0,1671.0,1712.4000244140625,618288.0
2026-05-26,OBEROIRLTY,1713.800048828125,1718.0,1685.0999755859375,1693.699951171875,352712.0
2026-05-27,OBEROIRLTY,1700.0,1710.199951171875,1681.0999755859375,1692.5999755859375,326144.0
2026-05-28,OBEROIRLTY,1692.5999755859375,1692.5999755859375,1692.5999755859375,1692.5999755859375,0.0
2026-05-29,OBEROIRLTY,1691.0,1744.0,1684.199951171875,1707.0999755859375,1489810.0
2026-06-01,OBEROIRLTY,1707.199951171875,1711.5999755859375,1641.0999755859375,1649.4000244140625,304709.0
2026-06-02,OBEROIRLTY,1639.0,1689.4000244140625,1615.5999755859375,1674.699951171875,359161.0
2026-06-03,OBEROIRLTY,1670.0,1670.0,1618.199951171875,1637.4000244140625,280743.0
2026-06-04,OBEROIRLTY,1625.5,1646.800048828125,1620.800048828125,1631.9000244140625,212157.0
2026-06-05,OBEROIRLTY,1628.5,1657.0,1626.5999755859375,1633.4000244140625,241380.0
2026-05-25,KEI,5325.0,5345.0,5264.0,5281.5,239111.0
2026-05-26,KEI,5289.60009765625,5328.89990234375,5267.2001953125,5305.5,239510.0
2026-05-27,KEI,5320.0,5455.0,5306.39990234375,5446.2001953125,328358.0
2026-05-28,KEI,5446.2001953125,5446.2001953125,5446.2001953125,5446.2001953125,0.0
2026-05-29,KEI,5474.89990234375,5476.2998046875,5230.0,5267.5,348840.0
2026-06-01,KEI,5289.5,5350.5,5157.0,5174.0,163199.0
2026-06-02,KEI,5109.0,5281.0,5067.5,5261.5,204472.0
2026-06-03,KEI,5299.0,5347.5,5204.5,5222.0,265111.0
2026-06-04,KEI,5222.0,5374.5,5186.0,5296.0,201738.0
2026-06-05,KEI,5336.0,5398.0,5287.0,5335.5,203971.0
2026-05-25,NHPC,78.76000213623047,79.48999786376953,78.3499984741211,79.0199966430664,10877480.0
2026-05-26,NHPC,79.0199966430664,79.0199966430664,78.0,78.44000244140625,10193541.0
2026-05-27,NHPC,78.51000213623047,81.0,78.44000244140625,80.68000030517578,20004108.0
2026-05-28,NHPC,80.68000030517578,80.68000030517578,80.68000030517578,80.68000030517578,0.0
2026-05-29,NHPC,81.08999633789062,81.69000244140625,78.0,78.87000274658203,60162141.0
2026-06-01,NHPC,79.11000061035156,79.25,76.30999755859375,77.19999694824219,13495785.0
2026-06-02,NHPC,74.7300033569336,75.0,71.81999969482422,72.29000091552734,212433185.0
2026-06-03,NHPC,75.55999755859375,76.16999816894531,74.5,75.0999984741211,170970500.0
2026-06-04,NHPC,74.33000183105469,76.69000244140625,74.26000213623047,76.12000274658203,103835465.0
2026-06-05,NHPC,76.11000061035156,76.68000030517578,73.93000030517578,74.97000122070312,54245677.0
2026-05-25,HEG,593.0,599.3499755859375,581.3499755859375,584.5499877929688,979417.0
2026-05-26,HEG,586.0999755859375,598.0,583.7999877929688,587.2000122070312,880327.0
2026-05-27,HEG,587.9500122070312,597.4500122070312,576.5,579.75,1121535.0
2026-05-28,HEG,579.75,579.75,579.75,579.75,0.0
2026-05-29,HEG,583.9500122070312,584.8499755859375,564.2999877929688,566.8499755859375,1085366.0
2026-06-01,HEG,570.0,571.0999755859375,548.5,560.5499877929688,958642.0
2026-06-02,HEG,558.0,558.0,547.0999755859375,550.1500244140625,708355.0
2026-06-03,HEG,553.2000122070312,563.4500122070312,544.4000244140625,553.0499877929688,929414.0
2026-06-04,HEG,552.0,552.5,540.5999755859375,544.5999755859375,859033.0
2026-06-05,HEG,547.0,549.5499877929688,538.0,539.4500122070312,507406.0
2026-05-25,POLICYBZR,1805.0,1831.4000244140625,1785.0,1791.5,725634.0
2026-05-26,POLICYBZR,1787.5,1801.4000244140625,1773.300048828125,1789.0,709299.0
2026-05-27,POLICYBZR,1789.0,1800.9000244140625,1773.0,1784.800048828125,418169.0
2026-05-28,POLICYBZR,1784.800048828125,1784.800048828125,1784.800048828125,1784.800048828125,0.0
2026-05-29,POLICYBZR,1769.0,1769.0,1693.199951171875,1702.5,3301589.0
2026-06-01,POLICYBZR,1702.5,1708.9000244140625,1661.5,1671.4000244140625,1942497.0
2026-06-02,POLICYBZR,1660.0,1667.800048828125,1614.0,1644.199951171875,2243569.0
2026-06-03,POLICYBZR,1653.0,1661.4000244140625,1551.5999755859375,1578.5,3301345.0
2026-06-04,POLICYBZR,1578.5,1591.5,1526.5,1536.300048828125,1465703.0
2026-06-05,POLICYBZR,1500.0,1560.5,1499.9000244140625,1534.0999755859375,4348433.0
2026-05-25,PATANJALI,469.3500061035156,470.3999938964844,463.5,468.45001220703125,2069309.0
2026-05-26,PATANJALI,467.0,469.5,462.5,465.75,1730797.0
2026-05-27,PATANJALI,465.95001220703125,466.75,452.0,454.75,1174899.0
2026-05-28,PATANJALI,454.75,454.75,454.75,454.75,0.0
2026-05-29,PATANJALI,459.79998779296875,460.45001220703125,449.29998779296875,456.20001220703125,3322253.0
2026-06-01,PATANJALI,457.45001220703125,460.6000061035156,444.6499938964844,449.25,3864370.0
2026-06-02,PATANJALI,449.25,455.0,441.5,451.54998779296875,3878659.0
2026-06-03,PATANJALI,451.0,451.75,430.3500061035156,441.6499938964844,6827656.0
2026-06-04,PATANJALI,444.0,445.04998779296875,423.20001220703125,427.25,5421306.0
2026-06-05,PATANJALI,425.0,429.25,408.1499938964844,420.45001220703125,5359917.0
2026-05-25,SBIN,959.9000244140625,972.5,957.5,969.5999755859375,10934747.0
2026-05-26,SBIN,969.9000244140625,978.7999877929688,962.0999755859375,968.5,16269800.0
2026-05-27,SBIN,969.7999877929688,975.9000244140625,966.5999755859375,967.7999877929688,8111259.0
2026-05-28,SBIN,967.7999877929688,967.7999877929688,967.7999877929688,967.7999877929688,0.0
2026-05-29,SBIN,967.7999877929688,973.7000122070312,960.2999877929688,964.4000244140625,22292535.0
2026-06-01,SBIN,966.25,970.25,950.0999755859375,954.0999755859375,11118975.0
2026-06-02,SBIN,950.9500122070312,961.2999877929688,939.9000244140625,956.6500244140625,15911760.0
2026-06-03,SBIN,953.75,974.0,937.2000122070312,970.4500122070312,27947005.0
2026-06-04,SBIN,969.9000244140625,985.7999877929688,961.0999755859375,979.25,18875883.0
2026-06-05,SBIN,980.0,992.5999755859375,970.5999755859375,977.7000122070312,20955539.0
2026-05-25,FEDERALBNK,289.0,292.5,286.79998779296875,289.25,9346757.0
2026-05-26,FEDERALBNK,292.0,293.3500061035156,288.6499938964844,290.20001220703125,10983670.0
2026-05-27,FEDERALBNK,289.5,293.0,287.8500061035156,288.8999938964844,3869975.0
2026-05-28,FEDERALBNK,288.8999938964844,288.8999938964844,288.8999938964844,288.8999938964844,0.0
2026-05-29,FEDERALBNK,292.0,293.8999938964844,283.6000061035156,288.95001220703125,239376091.0
2026-06-01,FEDERALBNK,290.0,292.3999938964844,285.5,288.20001220703125,6701913.0
2026-06-02,FEDERALBNK,286.5,293.79998779296875,284.8500061035156,293.04998779296875,5900487.0
2026-06-03,FEDERALBNK,293.95001220703125,302.8500061035156,290.29998779296875,301.04998779296875,15946881.0
2026-06-04,FEDERALBNK,301.25,303.79998779296875,295.6499938964844,300.1000061035156,11947303.0
2026-06-05,FEDERALBNK,300.5,305.3999938964844,295.75,304.1499938964844,9322801.0
2026-05-25,BAJAJ-AUTO,10551.5057549328,10620.53429725479,10286.238928009723,10345.40625,564521.0
2026-05-26,BAJAJ-AUTO,10383.86454903887,10493.817150863926,10303.988667892418,10445.990234375,559535.0
2026-05-27,BAJAJ-AUTO,10477.546606837212,10683.64611185641,10433.171115325902,10658.5,317630.0
2026-05-28,BAJAJ-AUTO,10658.5,10658.5,10658.5,10658.5,0.0
2026-05-29,BAJAJ-AUTO,10650.0,10750.0,10388.5,10460.0,483158.0
2026-06-01,BAJAJ-AUTO,10500.0,10619.0,10340.0,10376.0,426434.0
2026-06-02,BAJAJ-AUTO,10305.0,10433.0,10260.0,10281.0,404046.0
2026-06-03,BAJAJ-AUTO,10281.0,10415.0,10202.0,10259.0,355015.0
2026-06-04,BAJAJ-AUTO,10240.0,10452.0,10178.0,10362.0,539031.0
2026-06-05,BAJAJ-AUTO,10394.0,10446.0,10317.0,10342.0,247150.0
2026-05-25,JINDALSTEL,1224.4000244140625,1224.4000244140625,1209.0999755859375,1212.300048828125,323348.0
2026-05-26,JINDALSTEL,1212.300048828125,1226.300048828125,1205.0,1222.9000244140625,477830.0
2026-05-27,JINDALSTEL,1225.0,1254.9000244140625,1211.0,1220.5999755859375,1184467.0
2026-05-28,JINDALSTEL,1220.5999755859375,1220.5999755859375,1220.5999755859375,1220.5999755859375,0.0
2026-05-29,JINDALSTEL,1227.0,1230.5,1191.699951171875,1207.199951171875,4256869.0
2026-06-01,JINDALSTEL,1219.0,1222.9000244140625,1203.0999755859375,1209.800048828125,451079.0
2026-06-02,JINDALSTEL,1199.699951171875,1217.5,1196.699951171875,1203.4000244140625,478492.0
2026-06-03,JINDALSTEL,1213.199951171875,1218.9000244140625,1190.0,1211.300048828125,489001.0
2026-06-04,JINDALSTEL,1210.800048828125,1213.5999755859375,1195.0,1197.199951171875,611274.0
2026-06-05,JINDALSTEL,1199.4000244140625,1204.699951171875,1165.4000244140625,1181.300048828125,1034889.0
2026-05-25,APOLLOHOSP,8430.0,8443.0,8375.0,8404.0,364945.0
2026-05-26,APOLLOHOSP,8404.0,8434.0,8228.0,8258.5,310581.0
2026-05-27,APOLLOHOSP,8243.0,8305.0,8170.0,8272.5,293786.0
2026-05-28,APOLLOHOSP,8272.5,8272.5,8272.5,8272.5,0.0
2026-05-29,APOLLOHOSP,8176.5,8325.0,8146.0,8176.5,1042419.0
2026-06-01,APOLLOHOSP,8221.5,8249.5,8081.0,8108.5,217401.0
2026-06-02,APOLLOHOSP,7816.0,8120.0,7816.0,8089.5,556161.0
2026-06-03,APOLLOHOSP,8109.5,8317.5,8109.5,8290.5,724687.0
2026-06-04,APOLLOHOSP,8270.0,8301.5,8225.0,8249.0,345278.0
2026-06-05,APOLLOHOSP,8265.0,8341.0,8240.0,8304.5,187969.0
2026-05-25,ETERNAL,244.0,249.35000610351562,244.0,247.6699981689453,20066077.0
2026-05-26,ETERNAL,247.5,253.0399932861328,245.8000030517578,250.1699981689453,24447430.0
2026-05-27,ETERNAL,251.08999633789062,258.8800048828125,251.08999633789062,256.510009765625,36661755.0
2026-05-28,ETERNAL,256.510009765625,256.510009765625,256.510009765625,256.510009765625,0.0
2026-05-29,ETERNAL,256.75,257.1000061035156,249.41000366210938,250.5800018310547,51989116.0
2026-06-01,ETERNAL,251.10000610351562,253.85000610351562,247.5,248.10000610351562,19129575.0
2026-06-02,ETERNAL,244.0500030517578,252.5,242.6999969482422,250.75,33811873.0
2026-06-03,ETERNAL,248.0,249.4499969482422,244.5,247.0,25192315.0
2026-06-04,ETERNAL,244.5,258.6499938964844,244.4499969482422,254.35000610351562,36690161.0
2026-06-05,ETERNAL,253.35000610351562,258.79998779296875,252.8000030517578,256.5,34207436.0
2026-05-25,MIDHANI,419.0,428.0,411.45001220703125,416.6000061035156,1147130.0
2026-05-26,MIDHANI,416.6000061035156,425.29998779296875,412.79998779296875,414.54998779296875,562410.0
2026-05-27,MIDHANI,415.0,424.70001220703125,414.1499938964844,416.45001220703125,691060.0
2026-05-28,MIDHANI,416.45001220703125,416.45001220703125,416.45001220703125,416.45001220703125,0.0
2026-05-29,MIDHANI,417.70001220703125,447.8500061035156,403.29998779296875,420.6499938964844,4271969.0
2026-06-01,MIDHANI,420.20001220703125,431.3999938964844,405.0,407.79998779296875,1338623.0
2026-06-02,MIDHANI,405.04998779296875,421.8999938964844,403.70001220703125,410.75,954518.0
2026-06-03,MIDHANI,412.04998779296875,421.8999938964844,408.1000061035156,417.0,1007668.0
2026-06-04,MIDHANI,421.1499938964844,449.8999938964844,421.1499938964844,443.25,7192034.0
2026-06-05,MIDHANI,447.75,447.8999938964844,432.0,435.54998779296875,1581227.0
2026-05-25,SOLARINDS,18378.0,18475.0,18011.0,18377.0,105453.0
2026-05-26,SOLARINDS,18377.0,18541.0,18280.0,18479.0,111277.0
2026-05-27,SOLARINDS,18424.0,18799.0,18424.0,18653.0,105005.0
2026-05-28,SOLARINDS,18653.0,18653.0,18653.0,18653.0,0.0
2026-05-29,SOLARINDS,18746.0,18874.0,18027.0,18247.0,488294.0
2026-06-01,SOLARINDS,18390.0,18459.0,18127.0,18203.0,100566.0
2026-06-02,SOLARINDS,18171.0,18500.0,17835.0,18386.0,184106.0
2026-06-03,SOLARINDS,18396.0,18737.0,18285.0,18577.0,266212.0
2026-06-04,SOLARINDS,18560.0,18770.0,18251.0,18293.0,161517.0
2026-06-05,SOLARINDS,18380.0,18745.0,18350.0,18441.0,102618.0
2026-05-25,TMPV,366.1499938964844,374.29998779296875,366.1499938964844,373.25,10356089.0
2026-05-26,TMPV,373.75,387.29998779296875,371.79998779296875,385.6000061035156,21346890.0
2026-05-27,TMPV,385.79998779296875,404.0,383.70001220703125,400.95001220703125,16294686.0
2026-05-28,TMPV,400.95001220703125,400.95001220703125,400.95001220703125,400.95001220703125,0.0
2026-05-29,TMPV,400.95001220703125,408.0,390.70001220703125,393.8999938964844,31210075.0
2026-06-01,TMPV,395.0,398.8500061035156,383.8500061035156,384.8999938964844,8626860.0
2026-06-02,TMPV,379.6000061035156,391.8999938964844,377.29998779296875,390.20001220703125,12789321.0
2026-06-03,TMPV,392.04998779296875,399.79998779296875,384.8500061035156,398.1499938964844,8638483.0
2026-06-04,TMPV,396.20001220703125,401.20001220703125,391.0,399.70001220703125,12067304.0
2026-06-05,TMPV,401.0,403.04998779296875,393.6000061035156,397.79998779296875,9554051.0
2026-05-25,TVSMOTOR,3458.0,3501.699951171875,3420.0,3469.5,918345.0
2026-05-26,TVSMOTOR,3469.5,3484.5,3419.699951171875,3454.89990234375,651538.0
2026-05-27,TVSMOTOR,3441.0,3475.39990234375,3361.10009765625,3384.60009765625,2535619.0
2026-05-28,TVSMOTOR,3384.60009765625,3384.60009765625,3384.60009765625,3384.60009765625,0.0
2026-05-29,TVSMOTOR,3417.89990234375,3465.0,3315.199951171875,3355.699951171875,2519839.0
2026-06-01,TVSMOTOR,3382.0,3420.0,3335.10009765625,3344.39990234375,1210591.0
2026-06-02,TVSMOTOR,3328.0,3383.0,3291.60009765625,3366.89990234375,516666.0
2026-06-03,TVSMOTOR,3360.0,3366.800048828125,3301.39990234375,3316.89990234375,846948.0
2026-06-04,TVSMOTOR,3310.0,3400.699951171875,3292.199951171875,3362.5,1089659.0
2026-06-05,TVSMOTOR,3380.0,3397.0,3345.0,3383.89990234375,813580.0
2026-05-25,TRENT,2894.0,2908.0,2860.0,2866.666748046875,876774.0
2026-05-26,TRENT,2860.0,2873.533447265625,2820.0,2826.39990234375,843390.0
2026-05-27,TRENT,2826.39990234375,2858.199951171875,2813.666748046875,2832.39990234375,644872.0
2026-05-28,TRENT,2832.39990234375,2832.39990234375,2832.39990234375,2832.39990234375,0.0
2026-05-29,TRENT,2840.0,2890.466552734375,2793.333251953125,2816.0,1777057.0
2026-06-01,TRENT,2822.86669921875,2837.39990234375,2761.933349609375,2771.533447265625,978147.0
2026-06-02,TRENT,2703.60009765625,2830.199951171875,2703.60009765625,2806.933349609375,1130323.0
2026-06-03,TRENT,2813.333251953125,2856.533447265625,2776.666748046875,2838.39990234375,817263.0
2026-06-04,TRENT,2830.0,2849.0,2751.0,2837.60009765625,1567328.0
2026-06-05,TRENT,2830.0,2837.5,2753.0,2774.199951171875,1346639.0
2026-05-25,HUDCO,207.0,210.0,206.39999389648438,207.52999877929688,1824309.0
2026-05-26,HUDCO,207.25,208.7899932861328,206.0,206.63999938964844,1205683.0
2026-05-27,HUDCO,206.63999938964844,208.6999969482422,204.10000610351562,206.24000549316406,1313515.0
2026-05-28,HUDCO,206.24000549316406,206.24000549316406,206.24000549316406,206.24000549316406,0.0
2026-05-29,HUDCO,206.24000549316406,207.47000122070312,200.60000610351562,203.50999450683594,1720084.0
2026-06-01,HUDCO,204.0,205.13999938964844,201.0,202.75999450683594,1386017.0
2026-06-02,HUDCO,200.75999450683594,204.00999450683594,199.0,202.75999450683594,1749395.0
2026-06-03,HUDCO,203.0,204.10000610351562,199.72999572753906,202.6300048828125,1796078.0
2026-06-04,HUDCO,202.5,207.0,201.85000610351562,204.6699981689453,2000702.0
2026-06-05,HUDCO,206.39999389648438,207.47999572753906,203.52000427246094,205.92999267578125,1295995.0
2026-05-25,RBLBANK,340.0,346.6499938964844,337.45001220703125,343.3500061035156,5674878.0
2026-05-26,RBLBANK,344.79998779296875,346.3999938964844,341.3500061035156,344.25,3032110.0
2026-05-27,RBLBANK,344.25,353.0,343.0,348.25,4249696.0
2026-05-28,RBLBANK,348.25,348.25,348.25,348.25,0.0
2026-05-29,RBLBANK,350.0,351.1000061035156,341.25,345.0,7271205.0
2026-06-01,RBLBANK,345.0,347.29998779296875,337.6499938964844,338.79998779296875,2759666.0
2026-06-02,RBLBANK,337.20001220703125,346.0,333.0,344.1499938964844,4119267.0
2026-06-03,RBLBANK,344.1499938964844,351.70001220703125,337.04998779296875,348.20001220703125,4863148.0
2026-06-04,RBLBANK,348.0,356.0,345.3500061035156,353.75,5254858.0
2026-06-05,RBLBANK,355.79998779296875,356.79998779296875,347.5,351.3500061035156,4035165.0
2026-05-25,ASIANPAINT,2672.0,2684.10009765625,2653.199951171875,2657.800048828125,815621.0
2026-05-26,ASIANPAINT,2650.0,2664.300048828125,2635.89990234375,2647.0,486267.0
2026-05-27,ASIANPAINT,2644.800048828125,2689.60009765625,2642.0,2671.89990234375,858457.0
2026-05-28,ASIANPAINT,2671.89990234375,2671.89990234375,2671.89990234375,2671.89990234375,0.0
2026-05-29,ASIANPAINT,2676.10009765625,2748.199951171875,2631.60009765625,2671.60009765625,5062328.0
2026-06-01,ASIANPAINT,2732.60009765625,2778.800048828125,2626.699951171875,2632.39990234375,2224344.0
2026-06-02,ASIANPAINT,2626.10009765625,2672.10009765625,2607.89990234375,2660.699951171875,1026319.0
2026-06-03,ASIANPAINT,2652.10009765625,2676.0,2624.699951171875,2662.39990234375,958774.0
2026-06-04,ASIANPAINT,2663.89990234375,2698.800048828125,2644.89990234375,2661.60009765625,1840743.0
2026-06-05,ASIANPAINT,2666.0,2699.800048828125,2665.0,2686.699951171875,1615011.0
2026-05-25,FCL,33.70000076293945,39.83000183105469,33.61000061035156,39.029998779296875,146582721.0
2026-05-26,FCL,39.810001373291016,41.25,38.869998931884766,39.47999954223633,84260421.0
2026-05-27,FCL,39.2400016784668,39.33000183105469,37.900001525878906,38.560001373291016,23195198.0
2026-05-28,FCL,38.560001373291016,38.560001373291016,38.560001373291016,38.560001373291016,0.0
2026-05-29,FCL,39.34000015258789,40.88999938964844,38.709999084472656,39.9900016784668,28513505.0
2026-06-01,FCL,40.349998474121094,43.20000076293945,39.650001525878906,40.88999938964844,34839950.0
2026-06-02,FCL,40.72999954223633,43.41999816894531,39.869998931884766,42.36000061035156,31485151.0
2026-06-03,FCL,42.689998626708984,44.439998626708984,42.599998474121094,43.540000915527344,29794119.0
2026-06-04,FCL,43.25,43.869998931884766,40.36000061035156,41.029998779296875,20805048.0
2026-06-05,FCL,41.29999923706055,41.75,40.060001373291016,40.72999954223633,15341694.0
2026-05-25,INFY,1183.0,1185.0,1166.0999755859375,1168.5,5856136.0
2026-05-26,INFY,1166.300048828125,1180.699951171875,1162.9000244140625,1167.699951171875,8005767.0
2026-05-27,INFY,1161.0,1167.300048828125,1155.0,1159.9000244140625,6371871.0
2026-05-28,INFY,1159.9000244140625,1159.9000244140625,1159.9000244140625,1159.9000244140625,0.0
2026-05-29,INFY,1182.0,1210.0,1153.5999755859375,1160.9000244140625,69085430.0
2026-06-01,INFY,1175.0,1217.0,1173.699951171875,1202.5,19439331.0
2026-06-02,INFY,1232.5,1278.9000244140625,1232.5,1270.800048828125,36032600.0
2026-06-03,INFY,1242.0999755859375,1249.9000244140625,1216.0,1222.5999755859375,18534303.0
2026-06-04,INFY,1208.0,1215.199951171875,1196.199951171875,1201.300048828125,12755957.0
2026-06-05,INFY,1220.0,1223.800048828125,1194.300048828125,1197.5,8692290.0
2026-05-25,TCS,2325.0,2326.10009765625,2293.0,2308.199951171875,3298364.0
2026-05-26,TCS,2308.199951171875,2327.89990234375,2272.39990234375,2276.199951171875,3587597.0
2026-05-27,TCS,2275.0,2295.60009765625,2260.89990234375,2284.199951171875,2653950.0
2026-05-28,TCS,2284.199951171875,2284.199951171875,2284.199951171875,2284.199951171875,0.0
2026-05-29,TCS,2291.0,2334.0,2235.0,2258.89990234375,16331582.0
2026-06-01,TCS,2284.0,2335.0,2280.0,2297.39990234375,7505095.0
2026-06-02,TCS,2320.0,2457.39990234375,2316.199951171875,2446.89990234375,11306127.0
2026-06-03,TCS,2393.0,2393.0,2224.800048828125,2241.699951171875,15660062.0
2026-06-04,TCS,2241.699951171875,2253.10009765625,2216.60009765625,2241.0,4867263.0
2026-06-05,TCS,2262.89990234375,2271.800048828125,2192.0,2198.89990234375,5019717.0
2026-05-25,SUPREMEIND,3565.300048828125,3637.89990234375,3564.60009765625,3612.89990234375,84056.0
2026-05-26,SUPREMEIND,3609.199951171875,3624.89990234375,3555.0,3570.89990234375,94449.0
2026-05-27,SUPREMEIND,3537.0,3640.699951171875,3537.0,3634.39990234375,78050.0
2026-05-28,SUPREMEIND,3634.39990234375,3634.39990234375,3634.39990234375,3634.39990234375,0.0
2026-05-29,SUPREMEIND,3640.0,3645.0,3515.10009765625,3549.0,452509.0
2026-06-01,SUPREMEIND,3589.0,3589.0,3480.5,3520.699951171875,196487.0
2026-06-02,SUPREMEIND,3484.0,3568.89990234375,3468.10009765625,3553.10009765625,125837.0
2026-06-03,SUPREMEIND,3560.0,3585.0,3514.0,3572.89990234375,67033.0
2026-06-04,SUPREMEIND,3572.89990234375,3685.699951171875,3525.199951171875,3642.800048828125,204194.0
2026-06-05,SUPREMEIND,3642.800048828125,3642.89990234375,3572.199951171875,3602.0,133176.0
2026-05-25,BALKRISIND,2229.39990234375,2248.89990234375,2210.10009765625,2219.10009765625,94164.0
2026-05-26,BALKRISIND,2216.89990234375,2242.699951171875,2188.0,2202.699951171875,97457.0
2026-05-27,BALKRISIND,2217.0,2234.0,2187.0,2194.699951171875,56430.0
2026-05-28,BALKRISIND,2194.699951171875,2194.699951171875,2194.699951171875,2194.699951171875,0.0
2026-05-29,BALKRISIND,2201.0,2351.5,2166.0,2205.5,638688.0
2026-06-01,BALKRISIND,2230.0,2240.10009765625,2155.10009765625,2167.699951171875,79759.0
2026-06-02,BALKRISIND,2160.0,2167.699951171875,2131.0,2150.300048828125,1203331.0
2026-06-03,BALKRISIND,2145.0,2216.0,2145.0,2200.39990234375,111771.0
2026-06-04,BALKRISIND,2200.39990234375,2205.0,2176.5,2191.89990234375,141678.0
2026-06-05,BALKRISIND,2204.0,2236.0,2135.0,2142.0,196497.0
2026-05-25,GILLETTE,7847.5,7900.0,7784.0,7807.5,20033.0
2026-05-26,GILLETTE,7849.0,7997.5,7827.0,7891.0,31343.0
2026-05-27,GILLETTE,7969.0,8433.5,7914.5,8273.5,204355.0
2026-05-28,GILLETTE,8273.5,8273.5,8273.5,8273.5,0.0
2026-05-29,GILLETTE,8300.0,8330.5,7938.0,8016.5,36719.0
2026-06-01,GILLETTE,8074.5,8082.5,7805.0,7825.5,20561.0
2026-06-02,GILLETTE,7800.5,7885.0,7722.0,7745.0,37678.0
2026-06-03,GILLETTE,7799.0,7799.0,7655.0,7719.0,12415.0
2026-06-04,GILLETTE,7705.5,7809.5,7655.0,7706.5,9882.0
2026-06-05,GILLETTE,7738.0,7805.5,7707.0,7763.0,34944.0
2026-05-25,AUROPHARMA,1455.199951171875,1465.0,1428.0,1454.5999755859375,2684468.0
2026-05-26,AUROPHARMA,1450.0,1467.800048828125,1449.300048828125,1461.199951171875,950593.0
2026-05-27,AUROPHARMA,1463.0,1473.0,1428.5,1435.9000244140625,791921.0
2026-05-28,AUROPHARMA,1435.9000244140625,1435.9000244140625,1435.9000244140625,1435.9000244140625,0.0
2026-05-29,AUROPHARMA,1435.9000244140625,1453.4000244140625,1411.0,1426.4000244140625,2434944.0
2026-06-01,AUROPHARMA,1426.4000244140625,1449.9000244140625,1421.0,1433.699951171875,1385493.0
2026-06-02,AUROPHARMA,1436.9000244140625,1446.5,1415.0999755859375,1429.199951171875,1066247.0
2026-06-03,AUROPHARMA,1432.5,1458.0,1419.199951171875,1440.4000244140625,969156.0
2026-06-04,AUROPHARMA,1442.0999755859375,1482.0,1431.5999755859375,1463.5999755859375,931335.0
2026-06-05,AUROPHARMA,1483.9000244140625,1496.5,1456.0,1462.300048828125,1282019.0
2026-05-25,HCLTECH,1168.0,1178.0,1162.0999755859375,1165.699951171875,1419803.0
2026-05-26,HCLTECH,1165.699951171875,1173.699951171875,1160.0,1161.9000244140625,1196820.0
2026-05-27,HCLTECH,1155.300048828125,1169.800048828125,1153.699951171875,1165.199951171875,1004168.0
2026-05-28,HCLTECH,1165.199951171875,1165.199951171875,1165.199951171875,1165.199951171875,0.0
2026-05-29,HCLTECH,1180.0,1191.699951171875,1177.0,1183.800048828125,12446602.0
2026-06-01,HCLTECH,1190.0999755859375,1212.800048828125,1190.0999755859375,1195.0999755859375,5970435.0
2026-06-02,HCLTECH,1210.0,1257.0,1202.199951171875,1243.5,7663067.0
2026-06-03,HCLTECH,1228.800048828125,1230.0,1176.800048828125,1179.0,4800922.0
2026-06-04,HCLTECH,1166.4000244140625,1176.5,1158.199951171875,1168.300048828125,2025595.0
2026-06-05,HCLTECH,1179.0,1182.5,1147.0,1154.699951171875,1971395.0
2026-05-25,ASHOKLEY,157.4146715497486,163.01906326265066,157.4146715497486,161.32791137695312,30680951.0
2026-05-26,ASHOKLEY,161.52454959930878,161.54421834245053,157.05086321586768,157.84727478027344,24236258.0
2026-05-27,ASHOKLEY,158.1422552634384,161.34758545651871,156.7755700899818,160.87562561035156,21717793.0
2026-05-28,ASHOKLEY,160.87562561035156,160.87562561035156,160.87562561035156,160.87562561035156,0.0
2026-05-29,ASHOKLEY,162.88140699303673,162.92072947626494,152.2625511816641,152.83282470703125,87249539.0
2026-06-01,ASHOKLEY,154.39615806330727,154.95660473981152,146.913798856586,147.26776123046875,34095725.0
2026-06-02,ASHOKLEY,143.05954382722362,147.6217169958951,143.05954382722362,146.5500030517578,43162735.0
2026-06-03,ASHOKLEY,147.19000244140625,147.8000030517578,142.1999969482422,145.83999633789062,50124149.0
2026-06-04,ASHOKLEY,145.83999633789062,147.22000122070312,144.10000610351562,144.44000244140625,23281041.0
2026-06-05,ASHOKLEY,146.0,146.52999877929688,143.8000030517578,145.2899932861328,22386114.0
2026-05-25,JBCHEPHARM,2204.6586566830924,2275.657875233613,2190.7177257013564,2218.997802734375,485276.0
2026-05-26,JBCHEPHARM,2238.515047089041,2238.515047089041,2158.8525898972603,2180.759765625,207333.0
2026-05-27,JBCHEPHARM,2180.7598641753143,2205.6543831727495,2158.8526874575714,2194.89990234375,170231.0
2026-05-28,JBCHEPHARM,2194.89990234375,2194.89990234375,2194.89990234375,2194.89990234375,0.0
2026-05-29,JBCHEPHARM,2204.199951171875,2239.800048828125,2131.0,2167.39990234375,324822.0
2026-06-01,JBCHEPHARM,2160.699951171875,2177.699951171875,2120.0,2140.199951171875,667973.0
2026-06-02,JBCHEPHARM,2122.0,2135.300048828125,2080.89990234375,2129.60009765625,371359.0
2026-06-03,JBCHEPHARM,2121.0,2149.199951171875,2104.0,2140.0,250200.0
2026-06-04,JBCHEPHARM,2124.0,2163.39990234375,2121.699951171875,2133.699951171875,420680.0
2026-06-05,JBCHEPHARM,2145.5,2184.0,2124.89990234375,2169.300048828125,188786.0
2026-05-25,M&M,3134.699951171875,3173.699951171875,3111.39990234375,3139.0,2423710.0
2026-05-26,M&M,3122.0,3159.199951171875,3103.0,3107.300048828125,1791919.0
2026-05-27,M&M,3110.89990234375,3141.300048828125,3104.0,3121.60009765625,1408612.0
2026-05-28,M&M,3121.60009765625,3121.60009765625,3121.60009765625,3121.60009765625,0.0
2026-05-29,M&M,3119.60009765625,3150.800048828125,3005.10009765625,3045.60009765625,11402867.0
2026-06-01,M&M,3050.0,3068.89990234375,2961.0,2970.199951171875,5763247.0
2026-06-02,M&M,2913.10009765625,3008.699951171875,2913.10009765625,2998.300048828125,4045354.0
2026-06-03,M&M,2996.0,3029.5,2965.0,3011.10009765625,3110137.0
2026-06-04,M&M,2985.0,3067.10009765625,2974.199951171875,3016.10009765625,2788572.0
2026-06-05,M&M,3039.89990234375,3059.0,3012.699951171875,3040.5,1685633.0
2026-05-25,MRPL,151.9499969482422,153.58999633789062,150.89999389648438,151.83999633789062,3291635.0
2026-05-26,MRPL,150.89999389648438,152.49000549316406,150.1699981689453,151.1999969482422,1749063.0
2026-05-27,MRPL,151.1999969482422,152.10000610351562,148.50999450683594,150.41000366210938,3381631.0
2026-05-28,MRPL,150.41000366210938,150.41000366210938,150.41000366210938,150.41000366210938,0.0
2026-05-29,MRPL,150.6999969482422,151.3699951171875,143.5,144.9600067138672,2928626.0
2026-06-01,MRPL,146.0,149.14999389648438,145.00999450683594,147.07000732421875,4415461.0
2026-06-02,MRPL,145.0,148.7899932861328,144.10000610351562,147.02000427246094,2897334.0
2026-06-03,MRPL,147.0,157.5,147.0,154.16000366210938,26026182.0
2026-06-04,MRPL,154.14999389648438,158.85000610351562,153.58999633789062,156.58999633789062,8323023.0
2026-06-05,MRPL,157.22000122070312,158.5,154.0500030517578,154.89999389648438,3985931.0
2026-05-25,NTPC,391.95001220703125,392.79998779296875,386.45001220703125,390.04998779296875,10489850.0
2026-05-26,NTPC,390.75,392.25,389.0,389.70001220703125,9062218.0
2026-05-27,NTPC,390.3500061035156,403.1000061035156,390.3500061035156,398.1499938964844,14418621.0
2026-05-28,NTPC,398.1499938964844,398.1499938964844,398.1499938964844,398.1499938964844,0.0
2026-05-29,NTPC,400.0,401.6499938964844,385.1000061035156,386.8999938964844,17003143.0
2026-06-01,NTPC,386.8999938964844,389.0,376.5,378.70001220703125,18408900.0
2026-06-02,NTPC,375.95001220703125,377.5,363.04998779296875,367.3999938964844,17496468.0
2026-06-03,NTPC,368.04998779296875,371.5,363.70001220703125,366.79998779296875,10825715.0
2026-06-04,NTPC,366.79998779296875,368.79998779296875,364.3500061035156,366.3999938964844,14363519.0
2026-06-05,NTPC,365.95001220703125,368.5,358.6499938964844,361.6499938964844,10277061.0
2026-05-25,PIIND,2794.89990234375,2858.0,2786.800048828125,2849.0,297399.0
2026-05-26,PIIND,2845.800048828125,2859.39990234375,2810.0,2837.89990234375,173447.0
2026-05-27,PIIND,2844.0,2863.699951171875,2831.0,2847.300048828125,96895.0
2026-05-28,PIIND,2847.300048828125,2847.300048828125,2847.300048828125,2847.300048828125,0.0
2026-05-29,PIIND,2855.89990234375,2874.0,2750.0,2775.0,1148826.0
2026-06-01,PIIND,2789.800048828125,2789.800048828125,2691.10009765625,2702.60009765625,248652.0
2026-06-02,PIIND,2671.5,2749.60009765625,2657.199951171875,2739.800048828125,635004.0
2026-06-03,PIIND,2731.0,2755.199951171875,2690.10009765625,2738.300048828125,305817.0
2026-06-04,PIIND,2730.0,2742.89990234375,2696.0,2707.5,360916.0
2026-06-05,PIIND,2710.10009765625,2768.199951171875,2710.10009765625,2717.89990234375,100881.0
2026-05-25,NMDC,88.51000213623047,90.43000030517578,88.51000213623047,90.19000244140625,15033928.0
2026-05-26,NMDC,90.5,91.05999755859375,89.58000183105469,90.66999816894531,17202008.0
2026-05-27,NMDC,91.25,92.77999877929688,91.12999725341797,92.27999877929688,24144878.0
2026-05-28,NMDC,92.27999877929688,92.27999877929688,92.27999877929688,92.27999877929688,0.0
2026-05-29,NMDC,93.0,93.05000305175781,87.38999938964844,87.98999786376953,50736815.0
2026-06-01,NMDC,89.0999984741211,93.69999694824219,87.5,92.37000274658203,73822842.0
2026-06-02,NMDC,92.79000091552734,97.23999786376953,92.30000305175781,95.30999755859375,102137637.0
2026-06-03,NMDC,96.0999984741211,97.48999786376953,95.06999969482422,96.04000091552734,48441070.0
2026-06-04,NMDC,95.80999755859375,97.3499984741211,94.33999633789062,94.69999694824219,30790125.0
2026-06-05,NMDC,94.98999786376953,95.01000213623047,91.61000061035156,92.9000015258789,40684291.0
2026-05-25,RELIANCE,1360.5095872329855,1364.7897243191815,1350.7546414401118,1360.7086181640625,6750071.0
2026-05-26,RELIANCE,1353.8404218493883,1362.2017870434288,1346.1759079681497,1350.0579833984375,13769747.0
2026-05-27,RELIANCE,1346.7730400596713,1354.736221375619,1342.393266034199,1344.2845458984375,13215138.0
2026-05-28,RELIANCE,1344.2845458984375,1344.2845458984375,1344.2845458984375,1344.2845458984375,0.0
2026-05-29,RELIANCE,1357.7224546740495,1362.6994431442622,1310.9387630540493,1315.119384765625,42634247.0
2026-06-01,RELIANCE,1326.3673976551404,1329.353590670499,1312.4318302501333,1313.9249267578125,10700603.0
2026-06-02,RELIANCE,1301.6815361898255,1321.689127358814,1294.3156903458798,1308.5498046875,23302785.0
2026-06-03,RELIANCE,1308.9480145168118,1317.906594083847,1295.0124463014238,1307.15625,20012293.0
2026-06-04,RELIANCE,1295.0124259474096,1305.1654340270677,1287.1487597049047,1297.699951171875,23474327.0
2026-06-05,RELIANCE,1304.5,1306.0,1288.0,1291.0,17785223.0
2026-05-25,ROUTE,515.0499877929688,524.0499877929688,511.45001220703125,516.5499877929688,170225.0
2026-05-26,ROUTE,515.0499877929688,527.6500244140625,511.25,514.0499877929688,154838.0
2026-05-27,ROUTE,516.8499755859375,517.9500122070312,511.29998779296875,514.75,105654.0
2026-05-28,ROUTE,514.75,514.75,514.75,514.75,0.0
2026-05-29,ROUTE,518.5,521.0499877929688,505.0,507.54998779296875,95466.0
2026-06-01,ROUTE,508.1000061035156,515.7999877929688,501.29998779296875,504.1000061035156,77557.0
2026-06-02,ROUTE,506.0,541.75,502.0,536.0999755859375,1068917.0
2026-06-03,ROUTE,541.4500122070312,541.9500122070312,520.0,527.6500244140625,230325.0
2026-06-04,ROUTE,520.2000122070312,533.0,520.2000122070312,526.6500244140625,105100.0
2026-06-05,ROUTE,530.0,532.75,522.7000122070312,525.4500122070312,72224.0
2026-05-25,TORNTPHARM,4516.025557720308,4703.552797781639,4501.055307252726,4563.53125,1007365.0
2026-05-26,TORNTPHARM,4563.231328327867,4586.086299435365,4404.247471101079,4443.27001953125,506176.0
2026-05-27,TORNTPHARM,4459.138436746711,4543.8699537156135,4425.305769436287,4528.7998046875,217334.0
2026-05-28,TORNTPHARM,4528.7998046875,4528.7998046875,4528.7998046875,4528.7998046875,0.0
2026-05-29,TORNTPHARM,4554.7998046875,4575.0,4356.10009765625,4410.7998046875,3002937.0
2026-06-01,TORNTPHARM,4438.10009765625,4444.0,4325.2998046875,4350.39990234375,694048.0
2026-06-02,TORNTPHARM,4280.0,4338.39990234375,4240.2998046875,4317.89990234375,644323.0
2026-06-03,TORNTPHARM,4317.89990234375,4389.89990234375,4284.10009765625,4368.5,405210.0
2026-06-04,TORNTPHARM,4389.0,4425.0,4328.10009765625,4339.89990234375,595200.0
2026-06-05,TORNTPHARM,4350.0,4453.5,4323.0,4420.89990234375,425216.0
2026-05-25,NAUKRI,964.4500122070312,969.3499755859375,908.2999877929688,938.5,9279351.0
2026-05-26,NAUKRI,938.5,987.0,937.0999755859375,980.7000122070312,4782697.0
2026-05-27,NAUKRI,987.0499877929688,1014.2999877929688,979.25,1005.6500244140625,2690729.0
2026-05-28,NAUKRI,1005.6500244140625,1005.6500244140625,1005.6500244140625,1005.6500244140625,0.0
2026-05-29,NAUKRI,1027.9000244140625,1047.800048828125,982.5,995.0,8551128.0
2026-06-01,NAUKRI,1005.0,1018.0999755859375,996.8499755859375,1004.0499877929688,1885527.0
2026-06-02,NAUKRI,995.0,1020.5999755859375,980.5,1015.7000122070312,2238097.0
2026-06-03,NAUKRI,1010.0999755859375,1020.0,989.4000244140625,1006.0499877929688,2369632.0
2026-06-04,NAUKRI,995.0,1022.3499755859375,992.3499755859375,1008.8499755859375,934260.0
2026-06-05,NAUKRI,1018.9000244140625,1019.9000244140625,985.3499755859375,988.4500122070312,1456438.0
2026-05-25,ITC,295.8890075683594,297.3978884085819,294.33143494437775,295.8890075683594,15734247.0
2026-05-26,ITC,296.27839961224,296.32706168880947,293.1145922213104,293.6499938964844,37560542.0
2026-05-27,ITC,295.6499938964844,296.3500061035156,291.04998779296875,291.95001220703125,25446093.0
2026-05-28,ITC,291.95001220703125,291.95001220703125,291.95001220703125,291.95001220703125,0.0
2026-05-29,ITC,292.0,292.3999938964844,285.8999938964844,286.8999938964844,31930439.0
2026-06-01,ITC,287.79998779296875,288.54998779296875,278.29998779296875,279.6499938964844,23477875.0
2026-06-02,ITC,279.5,283.6000061035156,277.1000061035156,283.25,20206131.0
2026-06-03,ITC,282.3500061035156,282.3500061035156,275.20001220703125,277.0,28001438.0
2026-06-04,ITC,277.0,280.6499938964844,275.04998779296875,280.29998779296875,22017634.0
2026-06-05,ITC,280.0,281.3999938964844,277.8500061035156,280.70001220703125,16065822.0
2026-05-25,IDEA,13.970000267028809,14.09000015258789,13.789999961853027,14.039999961853027,781993776.0
2026-05-26,IDEA,14.09000015258789,14.199999809265137,13.949999809265137,14.140000343322754,747187097.0
2026-05-27,IDEA,14.199999809265137,14.289999961853027,14.069999694824219,14.180000305175781,580574851.0
2026-05-28,IDEA,14.180000305175781,14.180000305175781,14.180000305175781,14.180000305175781,0.0
2026-05-29,IDEA,14.319999694824219,14.4399995803833,13.869999885559082,13.989999771118164,846740260.0
2026-06-01,IDEA,14.199999809265137,14.3100004196167,13.869999885559082,13.949999809265137,571818698.0
2026-06-02,IDEA,14.0,14.199999809265137,13.8100004196167,14.15999984741211,541502060.0
2026-06-03,IDEA,14.180000305175781,15.09000015258789,14.0600004196167,14.850000381469727,58420870.0
2026-06-04,IDEA,14.899999618530273,15.1899995803833,14.880000114440918,14.930000305175781,860152052.0
2026-06-05,IDEA,15.079999923706055,15.25,14.920000076293945,14.949999809265137,685576040.0
2026-05-25,BIOCON,430.54998779296875,432.5,427.1499938964844,430.04998779296875,1976858.0
2026-05-26,BIOCON,430.04998779296875,440.3999938964844,429.5,436.1499938964844,7107481.0
2026-05-27,BIOCON,436.1499938964844,438.45001220703125,430.29998779296875,432.20001220703125,2573291.0
2026-05-28,BIOCON,432.20001220703125,432.20001220703125,432.20001220703125,432.20001220703125,0.0
2026-05-29,BIOCON,432.20001220703125,440.0,425.6499938964844,428.6499938964844,6229370.0
2026-06-01,BIOCON,431.20001220703125,435.0,424.5,425.6499938964844,4681079.0
2026-06-02,BIOCON,425.0,426.25,410.3500061035156,416.79998779296875,3030795.0
2026-06-03,BIOCON,415.0,417.3500061035156,411.1499938964844,412.45001220703125,2368146.0
2026-06-04,BIOCON,413.3999938964844,419.5,406.04998779296875,416.04998779296875,2493074.0
2026-06-05,BIOCON,416.29998779296875,425.0,411.5,412.29998779296875,2479909.0
2026-05-25,GRASIM,3180.0,3192.300048828125,3128.10009765625,3171.60009765625,620009.0
2026-05-26,GRASIM,3168.39990234375,3196.199951171875,3155.0,3165.0,984415.0
2026-05-27,GRASIM,3158.0,3197.5,3158.0,3170.0,317539.0
2026-05-28,GRASIM,3170.0,3170.0,3170.0,3170.0,0.0
2026-05-29,GRASIM,3175.0,3190.300048828125,3111.39990234375,3122.39990234375,1635193.0
2026-06-01,GRASIM,3151.39990234375,3158.0,3084.300048828125,3102.60009765625,644142.0
2026-06-02,GRASIM,3076.0,3104.300048828125,3061.0,3097.60009765625,461140.0
2026-06-03,GRASIM,3099.0,3114.89990234375,3060.0,3101.60009765625,460368.0
2026-06-04,GRASIM,3100.10009765625,3138.800048828125,3085.800048828125,3103.5,957529.0
2026-06-05,GRASIM,3109.0,3124.60009765625,3066.199951171875,3087.699951171875,697168.0
2026-05-25,INDUSINDBK,920.1500244140625,933.5,920.1500244140625,926.0999755859375,1193834.0
2026-05-26,INDUSINDBK,926.2000122070312,935.0,921.0,932.2999877929688,2323571.0
2026-05-27,INDUSINDBK,930.5,939.7999877929688,928.0,932.2999877929688,1088920.0
2026-05-28,INDUSINDBK,932.2999877929688,932.2999877929688,932.2999877929688,932.2999877929688,0.0
2026-05-29,INDUSINDBK,930.5999755859375,940.2000122070312,910.3499755859375,914.3499755859375,3160610.0
2026-06-01,INDUSINDBK,917.75,925.9000244140625,896.7999877929688,901.1500244140625,1597794.0
2026-06-02,INDUSINDBK,893.2999877929688,915.7999877929688,890.4500122070312,912.5,1756559.0
2026-06-03,INDUSINDBK,907.0999755859375,907.9000244140625,884.0499877929688,899.9500122070312,2302274.0
2026-06-04,INDUSINDBK,903.7000122070312,907.0999755859375,895.5,903.2000122070312,1798199.0
2026-06-05,INDUSINDBK,899.0,925.7999877929688,896.0999755859375,904.7999877929688,1890312.0
2026-05-25,TATSILV,25.6299991607666,26.110000610351562,25.6299991607666,25.979999542236328,47823680.0
2026-05-26,TATSILV,25.889999389648438,25.889999389648438,25.450000762939453,25.489999771118164,48103340.0
2026-05-27,TATSILV,25.780000686645508,25.780000686645508,25.149999618530273,25.329999923706055,61632370.0
2026-05-29,TATSILV,25.93000030517578,25.93000030517578,25.010000228881836,25.299999237060547,36555220.0
2026-06-01,TATSILV,25.399999618530273,25.520000457763672,25.1299991607666,25.309999465942383,33023150.0
2026-06-02,TATSILV,25.399999618530273,25.649999618530273,25.030000686645508,25.520000457763672,47890760.0
2026-06-03,TATSILV,25.149999618530273,25.350000381469727,25.0,25.030000686645508,43377650.0
2026-06-04,TATSILV,25.299999237060547,25.350000381469727,24.8700008392334,25.0,35321060.0
2026-06-05,TATSILV,25.479999542236328,25.479999542236328,24.440000534057617,24.700000762939453,43243980.0
2026-05-25,BHARTIARTL,1892.5,1892.5,1863.0999755859375,1874.800048828125,5903841.0
2026-05-26,BHARTIARTL,1874.0,1874.0,1844.800048828125,1846.9000244140625,5803034.0
2026-05-27,BHARTIARTL,1840.4000244140625,1869.4000244140625,1840.4000244140625,1852.199951171875,8653155.0
2026-05-28,BHARTIARTL,1852.199951171875,1852.199951171875,1852.199951171875,1852.199951171875,0.0
2026-05-29,BHARTIARTL,1860.0,1860.0,1818.5,1829.0,52886264.0
2026-06-01,BHARTIARTL,1830.0,1842.0,1803.9000244140625,1810.5999755859375,6391656.0
2026-06-02,BHARTIARTL,1785.0,1825.0,1777.4000244140625,1814.199951171875,10791294.0
2026-06-03,BHARTIARTL,1829.9000244140625,1835.5,1804.9000244140625,1824.0999755859375,5832363.0
2026-06-04,BHARTIARTL,1815.0,1829.800048828125,1798.4000244140625,1818.9000244140625,6735759.0
2026-06-05,BHARTIARTL,1824.9000244140625,1827.800048828125,1790.699951171875,1798.199951171875,3926715.0
2026-05-25,COALINDIA,460.0,462.54998779296875,456.0,458.0,8441223.0
2026-05-26,COALINDIA,458.0,475.6499938964844,455.0,458.1499938964844,17073323.0
2026-05-27,COALINDIA,429.0,468.29998779296875,428.3999938964844,463.04998779296875,117042535.0
2026-05-28,COALINDIA,463.04998779296875,463.04998779296875,463.04998779296875,463.04998779296875,0.0
2026-05-29,COALINDIA,458.8999938964844,474.0,455.8999938964844,457.8999938964844,97895486.0
2026-06-01,COALINDIA,456.54998779296875,477.0,456.54998779296875,472.6000061035156,47716517.0
2026-06-02,COALINDIA,469.8500061035156,474.95001220703125,463.29998779296875,472.1499938964844,24933269.0
2026-06-03,COALINDIA,471.8999938964844,478.54998779296875,466.20001220703125,472.29998779296875,15291450.0
2026-06-04,COALINDIA,473.0,484.45001220703125,472.8500061035156,481.6499938964844,16059802.0
2026-06-05,COALINDIA,483.29998779296875,483.6000061035156,469.1000061035156,472.29998779296875,9592529.0
2026-05-25,LTF,272.5,280.79998779296875,272.5,279.3500061035156,4498651.0
2026-05-26,LTF,280.1000061035156,284.6499938964844,278.6499938964844,282.70001220703125,4067157.0
2026-05-27,LTF,280.8999938964844,284.6000061035156,280.5,281.70001220703125,1908996.0
2026-05-28,LTF,281.70001220703125,281.70001220703125,281.70001220703125,281.70001220703125,0.0
2026-05-29,LTF,285.0,289.3999938964844,281.1000061035156,286.6000061035156,10147089.0
2026-06-01,LTF,282.0,285.45001220703125,270.0,271.25,6477563.0
2026-06-02,LTF,267.0,272.8999938964844,264.29998779296875,270.70001220703125,4331834.0
2026-06-03,LTF,270.79998779296875,270.79998779296875,263.6000061035156,267.8500061035156,4135606.0
2026-06-04,LTF,266.8999938964844,268.6000061035156,265.0,266.70001220703125,4176044.0
2026-06-05,LTF,268.0,277.25,266.45001220703125,268.6000061035156,7790312.0
2026-05-25,BANKBARODA,259.6034003924185,264.44674741466514,258.9253199847263,263.7202453613281,11731542.0
2026-05-26,BANKBARODA,264.3498652607753,265.60915317911787,261.34698430035,262.073486328125,10164821.0
2026-05-27,BANKBARODA,262.07347663460934,265.65756499697585,261.34697463370605,262.4609680175781,10007296.0
2026-05-28,BANKBARODA,262.4609680175781,262.4609680175781,262.4609680175781,262.4609680175781,0.0
2026-05-29,BANKBARODA,264.01080636703716,265.4153886791492,258.7799980498823,260.08770751953125,17624514.0
2026-06-01,BANKBARODA,261.9281867763995,263.23589631342816,254.95378518131778,256.0677490234375,12975542.0
2026-06-02,BANKBARODA,255.2443624569935,258.0050758949077,252.8226891889006,257.4722900390625,12303559.0
2026-06-03,BANKBARODA,255.6318327578467,261.44384879430294,252.62895189338917,260.4267578125,17903043.0
2026-06-04,BANKBARODA,259.11905601803744,263.6718138735858,258.00509215679057,262.79998779296875,16143314.0
2026-06-05,BANKBARODA,264.95001220703125,269.3999938964844,262.79998779296875,263.70001220703125,23279313.0
2026-05-25,INDIGO,4524.10009765625,4538.0,4438.7001953125,4501.89990234375,2493013.0
2026-05-26,INDIGO,4500.0,4510.5,4440.0,4480.7998046875,759683.0
2026-05-27,INDIGO,4480.0,4593.2001953125,4429.89990234375,4570.0,1369227.0
2026-05-28,INDIGO,4570.0,4570.0,4570.0,4570.0,0.0
2026-05-29,INDIGO,4550.0,4555.0,4381.2001953125,4405.0,1359472.0
2026-06-01,INDIGO,4525.0,4633.89990234375,4445.7998046875,4453.2998046875,1665946.0
2026-06-02,INDIGO,4420.0,4480.2001953125,4389.2001953125,4466.10009765625,1093115.0
2026-06-03,INDIGO,4440.10009765625,4565.0,4390.0,4512.10009765625,808155.0
2026-06-04,INDIGO,4500.0,4537.0,4460.7001953125,4508.7998046875,565503.0
2026-06-05,INDIGO,4492.0,4517.7998046875,4442.39990234375,4481.2998046875,788870.0
2026-05-25,SRF,2661.0,2724.0,2655.39990234375,2711.0,170564.0
2026-05-26,SRF,2729.89990234375,2772.89990234375,2712.0,2749.699951171875,704640.0
2026-05-27,SRF,2768.0,2776.39990234375,2725.0,2736.800048828125,222202.0
2026-05-28,SRF,2736.800048828125,2736.800048828125,2736.800048828125,2736.800048828125,0.0
2026-05-29,SRF,2740.699951171875,2759.0,2678.800048828125,2715.800048828125,2087600.0
2026-06-01,SRF,2719.0,2719.0,2674.199951171875,2696.199951171875,362133.0
2026-06-02,SRF,2682.0,2752.800048828125,2651.199951171875,2745.300048828125,503919.0
2026-06-03,SRF,2740.10009765625,2758.0,2711.60009765625,2718.39990234375,530894.0
2026-06-04,SRF,2706.0,2739.0,2693.699951171875,2726.60009765625,316793.0
2026-06-05,SRF,2745.0,2745.0,2692.0,2704.89990234375,162064.0
2026-05-25,METROPOLIS,527.0,527.0,513.1500244140625,524.5,123213.0
2026-05-26,METROPOLIS,526.5,544.0,524.7000122070312,540.8499755859375,477814.0
2026-05-27,METROPOLIS,543.5999755859375,549.0999755859375,534.0,536.1500244140625,139350.0
2026-05-28,METROPOLIS,536.1500244140625,536.1500244140625,536.1500244140625,536.1500244140625,0.0
2026-05-29,METROPOLIS,531.0,565.0,531.0,555.3499755859375,460621.0
2026-06-01,METROPOLIS,560.0,560.0,535.0499877929688,540.8499755859375,149892.0
2026-06-02,METROPOLIS,540.8499755859375,549.9500122070312,528.9000244140625,541.5,189608.0
2026-06-03,METROPOLIS,538.0,541.7000122070312,527.0499877929688,536.1500244140625,72278.0
2026-06-04,METROPOLIS,530.0999755859375,551.0,530.0999755859375,544.1500244140625,212806.0
2026-06-05,METROPOLIS,544.1500244140625,554.2000122070312,530.4000244140625,533.2000122070312,163325.0
2026-05-25,LT,3970.0,4038.39990234375,3961.5,4033.39990234375,2099927.0
2026-05-26,LT,4029.60009765625,4052.89990234375,4014.199951171875,4037.800048828125,1552847.0
2026-05-27,LT,4043.0,4069.89990234375,4017.89990234375,4047.5,1607028.0
2026-05-28,LT,4047.5,4047.5,4047.5,4047.5,0.0
2026-05-29,LT,4045.800048828125,4128.0,4045.0,4076.5,4882940.0
2026-06-01,LT,4089.0,4105.7998046875,4002.10009765625,4010.800048828125,1409388.0
2026-06-02,LT,3980.0,4017.0,3923.5,4000.89990234375,2085054.0
2026-06-03,LT,4000.89990234375,4008.0,3894.0,3953.199951171875,1872929.0
2026-06-04,LT,3945.0,3974.89990234375,3930.10009765625,3942.10009765625,1398297.0
2026-06-05,LT,3960.0,3978.0,3923.89990234375,3953.199951171875,1278243.0
2026-05-25,KOTAKBANK,388.29998779296875,395.1499938964844,387.25,392.8500061035156,15571552.0
2026-05-26,KOTAKBANK,392.8500061035156,394.95001220703125,387.0,388.6499938964844,15059212.0
2026-05-27,KOTAKBANK,388.54998779296875,390.5,386.70001220703125,388.70001220703125,9326451.0
2026-05-28,KOTAKBANK,388.70001220703125,388.70001220703125,388.70001220703125,388.70001220703125,0.0
2026-05-29,KOTAKBANK,388.8500061035156,392.54998779296875,381.25,384.20001220703125,40109830.0
2026-06-01,KOTAKBANK,384.1499938964844,387.0,375.6499938964844,377.3999938964844,12335552.0
2026-06-02,KOTAKBANK,373.0,381.54998779296875,372.20001220703125,379.04998779296875,14834956.0
2026-06-03,KOTAKBANK,377.6000061035156,383.45001220703125,375.1000061035156,381.0,14844206.0
2026-06-04,KOTAKBANK,378.5,384.0,377.8999938964844,381.5,13889236.0
2026-06-05,KOTAKBANK,381.5,383.70001220703125,374.6499938964844,377.45001220703125,10129597.0
2026-05-25,PIDILITIND,1500.0,1508.4000244140625,1473.0999755859375,1477.199951171875,593426.0
2026-05-26,PIDILITIND,1477.199951171875,1483.0,1467.0,1478.5,454638.0
2026-05-27,PIDILITIND,1473.0999755859375,1486.0,1472.4000244140625,1480.699951171875,323780.0
2026-05-28,PIDILITIND,1480.699951171875,1480.699951171875,1480.699951171875,1480.699951171875,0.0
2026-05-29,PIDILITIND,1474.199951171875,1500.699951171875,1466.5,1482.800048828125,4438929.0
2026-06-01,PIDILITIND,1482.800048828125,1485.9000244140625,1450.300048828125,1457.199951171875,690657.0
2026-06-02,PIDILITIND,1430.0,1463.9000244140625,1430.0,1454.5999755859375,948386.0
2026-06-03,PIDILITIND,1450.0,1473.199951171875,1444.5,1469.199951171875,836338.0
2026-06-04,PIDILITIND,1457.4000244140625,1478.5999755859375,1457.199951171875,1471.0999755859375,646986.0
2026-06-05,PIDILITIND,1475.0,1485.5,1466.300048828125,1476.5999755859375,489330.0
2026-05-25,HDFCAMC,2708.7539235019576,2749.6592870372747,2694.074982442518,2699.06591796875,767309.0
2026-05-26,HDFCAMC,2699.0658259682273,2706.6009676722188,2659.2367761191845,2681.157470703125,685263.0
2026-05-27,HDFCAMC,2669.6099259704665,2680.4724372909823,2646.1236216364155,2658.160400390625,548519.0
2026-05-28,HDFCAMC,2658.160400390625,2658.160400390625,2658.160400390625,2658.160400390625,0.0
2026-05-29,HDFCAMC,2658.160358102598,2709.1450662676384,2595.823840790676,2617.059326171875,2092882.0
2026-06-01,HDFCAMC,2629.9767718660614,2654.3437169026365,2539.554596280292,2548.948974609375,912721.0
2026-06-02,HDFCAMC,2519.004173607482,2539.163108774304,2485.633952925416,2528.202880859375,1342853.0
2026-06-03,HDFCAMC,2528.202933821355,2528.3008889938733,2410.7714060262856,2456.276123046875,1184566.0
2026-06-04,HDFCAMC,2442.086465886018,2493.952057026855,2432.594131894196,2468.89990234375,661317.0
2026-06-05,HDFCAMC,2483.800048828125,2506.199951171875,2465.60009765625,2495.89990234375,1100160.0
2026-05-25,EXIDEIND,342.20001220703125,349.0,340.70001220703125,346.25,1597876.0
2026-05-26,EXIDEIND,347.25,368.0,347.25,366.25,7351528.0
2026-05-27,EXIDEIND,365.0,397.3999938964844,364.1499938964844,394.1499938964844,24044078.0
2026-05-28,EXIDEIND,394.1499938964844,394.1499938964844,394.1499938964844,394.1499938964844,0.0
2026-05-29,EXIDEIND,396.0,397.54998779296875,384.75,386.5,5242497.0
2026-06-01,EXIDEIND,390.45001220703125,394.70001220703125,384.54998779296875,392.25,3705826.0
2026-06-02,EXIDEIND,390.29998779296875,408.0,385.0,406.25,7426529.0
2026-06-03,EXIDEIND,407.0,408.8999938964844,395.04998779296875,398.95001220703125,3802136.0
2026-06-04,EXIDEIND,400.04998779296875,409.79998779296875,398.6499938964844,403.3999938964844,4920795.0
2026-06-05,EXIDEIND,405.0,408.25,397.04998779296875,399.54998779296875,2825564.0
2026-05-25,DIXON,11850.0,11888.0,11602.0,11824.0,578594.0
2026-05-26,DIXON,11798.0,11829.0,11620.0,11673.0,311771.0
2026-05-27,DIXON,11675.0,11925.0,11641.0,11756.0,371444.0
2026-05-28,DIXON,11756.0,11756.0,11756.0,11756.0,0.0
2026-05-29,DIXON,11770.0,11831.0,11480.0,11524.0,498590.0
2026-06-01,DIXON,11600.0,11648.0,11406.0,11463.0,303579.0
2026-06-02,DIXON,11422.0,11656.0,11361.0,11604.0,317648.0
2026-06-03,DIXON,11620.0,11640.0,11153.0,11227.0,524162.0
2026-06-04,DIXON,11202.0,11560.0,11155.0,11488.0,518693.0
2026-06-05,DIXON,11524.0,11683.0,11403.0,11432.0,378237.0
2026-05-25,TORNTPOWER,1501.0,1509.0,1468.0,1474.5999755859375,598235.0
2026-05-26,TORNTPOWER,1475.9000244140625,1489.0,1463.800048828125,1468.5,380704.0
2026-05-27,TORNTPOWER,1474.5999755859375,1485.9000244140625,1438.0,1440.5,523751.0
2026-05-28,TORNTPOWER,1440.5,1440.5,1440.5,1440.5,0.0
2026-05-29,TORNTPOWER,1447.199951171875,1473.5999755859375,1407.0,1420.300048828125,1496208.0
2026-06-01,TORNTPOWER,1425.699951171875,1441.0,1396.5,1412.199951171875,1008317.0
2026-06-02,TORNTPOWER,1403.9000244140625,1431.699951171875,1395.199951171875,1423.9000244140625,389190.0
2026-06-03,TORNTPOWER,1424.0,1452.699951171875,1416.0999755859375,1436.699951171875,394473.0
2026-06-04,TORNTPOWER,1444.0,1466.5999755859375,1431.199951171875,1440.0,426148.0
2026-06-05,TORNTPOWER,1455.0,1474.0,1447.199951171875,1460.0999755859375,233670.0
2026-05-25,ICICIBANK,1271.0,1293.5,1270.9000244140625,1291.800048828125,13853923.0
2026-05-26,ICICIBANK,1290.0,1301.800048828125,1276.199951171875,1279.0999755859375,18400405.0
2026-05-27,ICICIBANK,1286.0,1293.4000244140625,1266.699951171875,1272.699951171875,18366272.0
2026-05-28,ICICIBANK,1272.699951171875,1272.699951171875,1272.699951171875,1272.699951171875,0.0
2026-05-29,ICICIBANK,1275.0999755859375,1287.800048828125,1247.9000244140625,1256.4000244140625,31007884.0
2026-06-01,ICICIBANK,1257.0999755859375,1261.9000244140625,1235.9000244140625,1239.699951171875,9911975.0
2026-06-02,ICICIBANK,1233.0,1237.699951171875,1220.699951171875,1226.5999755859375,17920892.0
2026-06-03,ICICIBANK,1219.9000244140625,1248.300048828125,1213.699951171875,1242.0,13934754.0
2026-06-04,ICICIBANK,1232.199951171875,1262.300048828125,1232.199951171875,1251.699951171875,19461560.0
2026-06-05,ICICIBANK,1257.0,1265.0,1250.0,1262.0999755859375,10166393.0
2026-05-25,JKTYRE,374.29998779296875,388.6000061035156,373.1000061035156,386.45001220703125,2704561.0
2026-05-26,JKTYRE,387.3500061035156,397.0,383.1499938964844,394.1499938964844,1573102.0
2026-05-27,JKTYRE,416.0,422.6499938964844,410.25,413.29998779296875,12949278.0
2026-05-28,JKTYRE,413.29998779296875,413.29998779296875,413.29998779296875,413.29998779296875,0.0
2026-05-29,JKTYRE,415.3999938964844,417.29998779296875,405.5,408.0,1552369.0
2026-06-01,JKTYRE,408.0,408.70001220703125,382.5,387.0,2642506.0
2026-06-02,JKTYRE,384.0,394.3500061035156,377.45001220703125,388.3999938964844,1577573.0
2026-06-03,JKTYRE,386.0,387.6000061035156,380.1499938964844,386.0,1072135.0
2026-06-04,JKTYRE,382.0,387.3999938964844,378.0,385.54998779296875,982799.0
2026-06-05,JKTYRE,387.6000061035156,389.29998779296875,380.25,381.8500061035156,750354.0
2026-05-25,BEL,419.29998779296875,422.54998779296875,417.29998779296875,421.8500061035156,8862027.0
2026-05-26,BEL,423.5,425.54998779296875,418.8500061035156,420.1000061035156,12315435.0
2026-05-27,BEL,422.0,422.0,416.1000061035156,419.1000061035156,10871894.0
2026-05-28,BEL,419.1000061035156,419.1000061035156,419.1000061035156,419.1000061035156,0.0
2026-05-29,BEL,413.29998779296875,419.1000061035156,409.8999938964844,410.75,26559872.0
2026-06-01,BEL,412.3500061035156,413.70001220703125,404.75,407.20001220703125,16453240.0
2026-06-02,BEL,405.79998779296875,409.6000061035156,400.29998779296875,407.8500061035156,15004796.0
2026-06-03,BEL,408.0,408.95001220703125,403.1000061035156,406.6000061035156,6626958.0
2026-06-04,BEL,405.0,411.54998779296875,404.0,409.8999938964844,9119774.0
2026-06-05,BEL,410.1000061035156,412.0,405.1000061035156,408.20001220703125,11084641.0
2026-05-25,HINDALCO,1110.0,1119.800048828125,1081.199951171875,1099.5999755859375,7677225.0
2026-05-26,HINDALCO,1102.0,1118.0,1094.5999755859375,1103.800048828125,5880899.0
2026-05-27,HINDALCO,1118.300048828125,1154.0,1118.300048828125,1149.699951171875,7559470.0
2026-05-28,HINDALCO,1149.699951171875,1149.699951171875,1149.699951171875,1149.699951171875,0.0
2026-05-29,HINDALCO,1176.0,1176.0,1122.0,1126.699951171875,11987286.0
2026-06-01,HINDALCO,1130.0,1150.0,1127.199951171875,1141.300048828125,6934532.0
2026-06-02,HINDALCO,1141.0,1161.0,1136.4000244140625,1146.300048828125,5325199.0
2026-06-03,HINDALCO,1155.0,1159.9000244140625,1126.5999755859375,1138.9000244140625,4865978.0
2026-06-04,HINDALCO,1134.0,1137.0999755859375,1121.4000244140625,1125.5999755859375,3868557.0
2026-06-05,HINDALCO,1126.5999755859375,1132.300048828125,1090.0999755859375,1092.5999755859375,4546693.0
2026-05-25,ULTRACEMCO,11690.0,11796.0,11614.0,11726.0,229618.0
2026-05-26,ULTRACEMCO,11690.0,11749.0,11580.0,11623.0,210716.0
2026-05-27,ULTRACEMCO,11640.0,11750.0,11601.0,11689.0,243628.0
2026-05-28,ULTRACEMCO,11689.0,11689.0,11689.0,11689.0,0.0
2026-05-29,ULTRACEMCO,11600.0,11779.0,11338.0,11482.0,1776975.0
2026-06-01,ULTRACEMCO,11507.0,11570.0,11211.0,11232.0,497866.0
2026-06-02,ULTRACEMCO,11142.0,11201.0,11074.0,11165.0,413041.0
2026-06-03,ULTRACEMCO,11180.0,11239.0,11020.0,11101.0,412934.0
2026-06-04,ULTRACEMCO,11060.0,11150.0,10961.0,10997.0,541327.0
2026-06-05,ULTRACEMCO,11100.0,11121.0,10846.0,10912.0,424664.0
2026-05-25,RITES,204.8800048828125,208.89999389648438,204.8000030517578,207.3000030517578,528104.0
2026-05-26,RITES,208.52000427246094,209.1999969482422,204.41000366210938,205.2899932861328,414791.0
2026-05-27,RITES,206.0,208.1199951171875,204.14999389648438,205.9600067138672,345022.0
2026-05-28,RITES,205.9600067138672,205.9600067138672,205.9600067138672,205.9600067138672,0.0
2026-05-29,RITES,206.85000610351562,207.9499969482422,200.0,202.24000549316406,608658.0
2026-06-01,RITES,201.49000549316406,203.0,200.10000610351562,201.1699981689453,399451.0
2026-06-02,RITES,200.0,203.0,198.32000732421875,202.5800018310547,313129.0
2026-06-03,RITES,202.2100067138672,202.2100067138672,199.10000610351562,199.7899932861328,457522.0
2026-06-04,RITES,199.5,201.80999755859375,199.2100067138672,200.22000122070312,266298.0
2026-06-05,RITES,201.99000549316406,215.39999389648438,201.0,210.49000549316406,10631207.0
2026-05-25,VGUARD,308.0,312.25,303.29998779296875,306.6000061035156,1081566.0
2026-05-26,VGUARD,306.0,316.0,305.0,314.45001220703125,293098.0
2026-05-27,VGUARD,315.8999938964844,316.8999938964844,312.8999938964844,315.3500061035156,199604.0
2026-05-28,VGUARD,315.3500061035156,315.3500061035156,315.3500061035156,315.3500061035156,0.0
2026-05-29,VGUARD,315.3500061035156,317.6499938964844,304.0,306.75,418564.0
2026-06-01,VGUARD,307.3999938964844,310.0,299.1000061035156,300.20001220703125,400181.0
2026-06-02,VGUARD,299.04998779296875,306.0,296.20001220703125,303.75,288634.0
2026-06-03,VGUARD,304.29998779296875,304.29998779296875,297.04998779296875,300.70001220703125,167620.0
2026-06-04,VGUARD,297.20001220703125,303.1000061035156,297.20001220703125,301.20001220703125,93734.0
2026-06-05,VGUARD,301.20001220703125,313.5,301.20001220703125,310.45001220703125,382792.0
2026-05-25,HINDCOPPER,554.7999877929688,555.0,542.0999755859375,545.5499877929688,4086314.0
2026-05-26,HINDCOPPER,546.0,564.8499755859375,541.0,556.0,7625490.0
2026-05-27,HINDCOPPER,558.0,564.0,554.2999877929688,555.3499755859375,4061276.0
2026-05-28,HINDCOPPER,555.3499755859375,555.3499755859375,555.3499755859375,555.3499755859375,0.0
2026-05-29,HINDCOPPER,558.0,564.6500244140625,528.0,538.7000122070312,5365662.0
2026-06-01,HINDCOPPER,544.0,550.0,535.0,539.9500122070312,3822432.0
2026-06-02,HINDCOPPER,542.5499877929688,551.6500244140625,541.0,546.2000122070312,3997981.0
2026-06-03,HINDCOPPER,550.0,551.5,535.0499877929688,545.4000244140625,3349872.0
2026-06-04,HINDCOPPER,541.0,545.25,537.5,541.4000244140625,2480535.0
2026-06-05,HINDCOPPER,538.0,541.0999755859375,522.75,526.3499755859375,3321996.0
2026-05-25,IGL,157.8000030517578,162.3000030517578,157.11000061035156,160.47999572753906,3617104.0
2026-05-26,IGL,161.9600067138672,169.89999389648438,161.50999450683594,166.00999450683594,10602040.0
2026-05-27,IGL,166.00999450683594,166.67999267578125,163.35000610351562,164.61000061035156,1697795.0
2026-05-28,IGL,164.61000061035156,164.61000061035156,164.61000061035156,164.61000061035156,0.0
2026-05-29,IGL,165.89999389648438,166.3699951171875,158.30999755859375,160.47000122070312,3052492.0
2026-06-01,IGL,160.47000122070312,165.36000061035156,159.5,164.52999877929688,5084235.0
2026-06-02,IGL,164.5,165.42999267578125,159.14999389648438,160.85000610351562,3715881.0
2026-06-03,IGL,161.25,162.6199951171875,159.33999633789062,161.47999572753906,2599029.0
2026-06-04,IGL,160.5,163.2899932861328,160.10000610351562,162.0500030517578,1213043.0
2026-06-05,IGL,162.14999389648438,165.39999389648438,161.97999572753906,164.32000732421875,2353993.0
2026-05-25,NATIONALUM,412.0,413.29998779296875,400.25,403.0,6636144.0
2026-05-26,NATIONALUM,406.25,417.8999938964844,405.1000061035156,416.20001220703125,7524355.0
2026-05-27,NATIONALUM,421.20001220703125,437.75,420.25,433.04998779296875,15519448.0
2026-05-28,NATIONALUM,433.04998779296875,433.04998779296875,433.04998779296875,433.04998779296875,0.0
2026-05-29,NATIONALUM,438.20001220703125,441.5,416.79998779296875,424.45001220703125,107733950.0
2026-06-01,NATIONALUM,425.45001220703125,436.75,421.3999938964844,434.20001220703125,9695414.0
2026-06-02,NATIONALUM,436.0,444.5,431.3999938964844,434.3999938964844,10368957.0
2026-06-03,NATIONALUM,437.20001220703125,441.95001220703125,431.29998779296875,436.8999938964844,7827914.0
2026-06-04,NATIONALUM,434.0,436.8500061035156,412.54998779296875,414.0,13706598.0
2026-06-05,NATIONALUM,412.5,412.5,391.5,395.70001220703125,14357059.0
2026-05-25,ACC,1368.9000244140625,1394.0999755859375,1365.699951171875,1382.300048828125,184811.0
2026-05-26,ACC,1385.0,1420.300048828125,1381.4000244140625,1412.5999755859375,189369.0
2026-05-27,ACC,1415.0,1429.9000244140625,1397.800048828125,1426.5999755859375,206555.0
2026-05-28,ACC,1426.5999755859375,1426.5999755859375,1426.5999755859375,1426.5999755859375,0.0
2026-05-29,ACC,1430.0,1433.5,1388.0,1399.300048828125,195857.0
2026-06-01,ACC,1404.300048828125,1409.0,1354.199951171875,1360.0,161855.0
2026-06-02,ACC,1363.699951171875,1374.4000244140625,1342.300048828125,1369.9000244140625,138561.0
2026-06-03,ACC,1377.9000244140625,1377.9000244140625,1346.0,1350.9000244140625,142891.0
2026-06-04,ACC,1347.0,1356.4000244140625,1342.9000244140625,1350.800048828125,163492.0
2026-06-05,ACC,1365.0,1373.5999755859375,1323.0,1329.800048828125,433023.0
2026-05-25,GRANULES,753.25,763.2999877929688,753.0499877929688,758.4000244140625,415814.0
2026-05-26,GRANULES,758.5,778.75,752.5499877929688,756.5,735557.0
2026-05-27,GRANULES,760.0,800.0,754.8499755859375,782.5999755859375,11995874.0
2026-05-28,GRANULES,782.5999755859375,782.5999755859375,782.5999755859375,782.5999755859375,0.0
2026-05-29,GRANULES,795.0,804.2999877929688,768.5499877929688,773.8499755859375,1170367.0
2026-06-01,GRANULES,780.0,793.0,770.5999755859375,779.0,748331.0
2026-06-02,GRANULES,779.5,787.25,768.75,777.5499877929688,427014.0
2026-06-03,GRANULES,782.0,797.0,780.4500122070312,793.7999877929688,769581.0
2026-06-04,GRANULES,794.75,797.4000244140625,781.5999755859375,791.3499755859375,504165.0
2026-06-05,GRANULES,797.0,797.9000244140625,777.3499755859375,789.8499755859375,591926.0
2026-05-25,SIEMENS,3836.39990234375,3878.5,3658.0,3667.5,471211.0
2026-05-26,SIEMENS,3685.800048828125,3697.89990234375,3620.0,3677.199951171875,713402.0
2026-05-27,SIEMENS,3569.699951171875,3909.89990234375,3543.300048828125,3878.699951171875,1738785.0
2026-05-28,SIEMENS,3878.699951171875,3878.699951171875,3878.699951171875,3878.699951171875,0.0
2026-05-29,SIEMENS,3859.699951171875,3937.300048828125,3744.60009765625,3844.0,2024437.0
2026-06-01,SIEMENS,3850.0,3856.699951171875,3681.699951171875,3711.300048828125,526590.0
2026-06-02,SIEMENS,3712.699951171875,3756.89990234375,3639.60009765625,3729.699951171875,628712.0
2026-06-03,SIEMENS,3728.10009765625,3755.0,3665.0,3709.60009765625,464320.0
2026-06-04,SIEMENS,3719.0,3765.0,3679.10009765625,3686.89990234375,341821.0
2026-06-05,SIEMENS,3695.0,3724.89990234375,3647.10009765625,3700.800048828125,343897.0
2026-05-25,NYKAA,280.1000061035156,281.0,267.70001220703125,270.04998779296875,8228260.0
2026-05-26,NYKAA,270.5,271.8999938964844,265.20001220703125,266.3500061035156,7379166.0
2026-05-27,NYKAA,265.8500061035156,267.8999938964844,261.0,263.1499938964844,5470638.0
2026-05-28,NYKAA,263.1499938964844,263.1499938964844,263.1499938964844,263.1499938964844,0.0
2026-05-29,NYKAA,263.1499938964844,265.25,259.04998779296875,262.29998779296875,19333644.0
2026-06-01,NYKAA,262.6499938964844,268.3999938964844,259.6499938964844,266.70001220703125,5559761.0
2026-06-02,NYKAA,265.1000061035156,270.3999938964844,264.6499938964844,269.54998779296875,6316054.0
2026-06-03,NYKAA,268.8500061035156,270.3999938964844,263.8999938964844,269.3999938964844,4025633.0
2026-06-04,NYKAA,268.95001220703125,270.25,265.8999938964844,267.54998779296875,2992032.0
2026-06-05,NYKAA,269.0,269.8500061035156,261.25,262.29998779296875,1817319.0
2026-05-25,DELHIVERY,449.1000061035156,460.20001220703125,449.1000061035156,455.45001220703125,3126164.0
2026-05-26,DELHIVERY,458.0,465.95001220703125,453.3500061035156,463.5,2650245.0
2026-05-27,DELHIVERY,463.6000061035156,469.3999938964844,458.75,459.75,1037299.0
2026-05-28,DELHIVERY,459.75,459.75,459.75,459.75,0.0
2026-05-29,DELHIVERY,462.8999938964844,464.0,450.1000061035156,452.3500061035156,1986258.0
2026-06-01,DELHIVERY,453.0,453.25,435.25,437.25,5570313.0
2026-06-02,DELHIVERY,434.0,439.79998779296875,430.29998779296875,437.95001220703125,1686360.0
2026-06-03,DELHIVERY,438.1000061035156,442.3500061035156,432.8999938964844,437.8999938964844,1724002.0
2026-06-04,DELHIVERY,437.8999938964844,444.3999938964844,434.20001220703125,438.3500061035156,1413713.0
2026-06-05,DELHIVERY,439.20001220703125,448.6499938964844,439.20001220703125,445.25,1117852.0
2026-05-25,LICHSGFIN,544.0,546.25,538.9000244140625,543.4500122070312,1091350.0
2026-05-26,LICHSGFIN,545.0499877929688,548.1500244140625,540.0,544.1500244140625,666052.0
2026-05-27,LICHSGFIN,544.6500244140625,559.4500122070312,543.4500122070312,556.4500122070312,1206626.0
2026-05-28,LICHSGFIN,556.4500122070312,556.4500122070312,556.4500122070312,556.4500122070312,0.0
2026-05-29,LICHSGFIN,559.0,564.9500122070312,531.0499877929688,533.1500244140625,1618769.0
2026-06-01,LICHSGFIN,536.0,541.9000244140625,531.5499877929688,537.6500244140625,1794232.0
2026-06-02,LICHSGFIN,532.0,537.0,528.4500122070312,535.0,637616.0
2026-06-03,LICHSGFIN,535.0,544.5499877929688,523.5499877929688,541.25,1832015.0
2026-06-04,LICHSGFIN,541.0,547.75,536.4500122070312,545.5499877929688,1251639.0
2026-06-05,LICHSGFIN,546.0,552.7000122070312,542.7999877929688,549.75,2983748.0
2026-05-25,MOTHERSON,137.5,138.75,135.11000061035156,135.91000366210938,15957403.0
2026-05-26,MOTHERSON,136.49000549316406,137.64999389648438,134.85000610351562,135.82000732421875,13243802.0
2026-05-27,MOTHERSON,136.0,146.6999969482422,134.64999389648438,142.41000366210938,50082550.0
2026-05-28,MOTHERSON,142.41000366210938,142.41000366210938,142.41000366210938,142.41000366210938,0.0
2026-05-29,MOTHERSON,144.4600067138672,151.77000427246094,140.0800018310547,145.74000549316406,84670792.0
2026-06-01,MOTHERSON,146.00999450683594,146.8000030517578,141.1300048828125,141.77000427246094,38855400.0
2026-06-02,MOTHERSON,141.39999389648438,145.3300018310547,140.55999755859375,144.88999938964844,25070101.0
2026-06-03,MOTHERSON,144.67999267578125,146.25,141.75,145.61000061035156,19595325.0
2026-06-04,MOTHERSON,144.8800048828125,147.39999389648438,143.63999938964844,144.30999755859375,17953489.0
2026-06-05,MOTHERSON,144.64999389648438,146.14999389648438,143.0,143.55999755859375,13743288.0
2026-05-25,JSWSTEEL,1290.699951171875,1297.4000244140625,1284.0,1289.4000244140625,922291.0
2026-05-26,JSWSTEEL,1289.4000244140625,1301.0,1282.699951171875,1293.5999755859375,1712866.0
2026-05-27,JSWSTEEL,1295.0,1328.0,1295.0,1309.300048828125,2030720.0
2026-05-28,JSWSTEEL,1309.300048828125,1309.300048828125,1309.300048828125,1309.300048828125,0.0
2026-05-29,JSWSTEEL,1309.5,1312.199951171875,1270.300048828125,1278.0,3129836.0
2026-06-01,JSWSTEEL,1279.5,1304.800048828125,1279.5,1299.4000244140625,1388242.0
2026-06-02,JSWSTEEL,1297.5,1316.9000244140625,1290.199951171875,1310.800048828125,1602109.0
2026-06-03,JSWSTEEL,1315.0,1318.5,1297.300048828125,1312.9000244140625,814920.0
2026-06-04,JSWSTEEL,1311.0,1314.0,1294.199951171875,1301.0999755859375,958385.0
2026-06-05,JSWSTEEL,1301.0999755859375,1309.800048828125,1266.5,1284.0,1618038.0
2026-05-25,WIPRO,207.0,209.5500030517578,204.05999755859375,206.83999633789062,72041558.0
2026-05-26,WIPRO,206.99000549316406,208.69000244140625,202.94000244140625,203.72999572753906,46458415.0
2026-05-27,WIPRO,203.85000610351562,205.99000549316406,200.1999969482422,201.5800018310547,39465643.0
2026-05-28,WIPRO,201.5800018310547,201.5800018310547,201.5800018310547,201.5800018310547,0.0
2026-05-29,WIPRO,211.0,211.0,203.64999389648438,204.25,82734524.0
2026-06-01,WIPRO,205.10000610351562,207.75,205.10000610351562,206.41000366210938,26491139.0
2026-06-02,WIPRO,208.0,210.17999267578125,206.50999450683594,209.83999633789062,42476874.0
2026-06-03,WIPRO,208.0,208.39999389648438,202.0,204.10000610351562,62282204.0
2026-06-04,WIPRO,203.0,205.08999633789062,202.10000610351562,204.32000732421875,40659957.0
2026-06-05,WIPRO,191.52000427246094,199.0,188.14999389648438,198.3699951171875,43539069.0
2026-05-25,BSE,4250.0,4303.0,4215.0,4291.2001953125,2791628.0
2026-05-26,BSE,4300.0,4425.0,4295.10009765625,4403.2998046875,3782550.0
2026-05-27,BSE,4437.0,4446.7998046875,4236.10009765625,4248.39990234375,4332377.0
2026-05-28,BSE,4248.39990234375,4248.39990234375,4248.39990234375,4248.39990234375,0.0
2026-05-29,BSE,4250.0,4256.0,4127.89990234375,4146.10009765625,4544243.0
2026-06-01,BSE,4180.0,4198.0,4031.89990234375,4066.60009765625,3556913.0
2026-06-02,BSE,4020.0,4045.0,3875.60009765625,3931.89990234375,5568609.0
2026-06-03,BSE,3935.5,4018.0,3855.0,3966.10009765625,5058668.0
2026-06-04,BSE,3949.0,4104.89990234375,3926.39990234375,4033.39990234375,4245472.0
2026-06-05,BSE,4053.0,4121.0,3822.89990234375,3880.0,6658969.0
2026-05-25,PFC,438.0,443.6499938964844,435.20001220703125,438.8999938964844,4616153.0
2026-05-26,PFC,440.29998779296875,440.8999938964844,430.54998779296875,433.70001220703125,4643484.0
2026-05-27,PFC,432.0,435.6499938964844,429.25,433.5,3288554.0
2026-05-28,PFC,433.5,433.5,433.5,433.5,0.0
2026-05-29,PFC,435.95001220703125,439.25,425.1499938964844,428.6000061035156,16317068.0
2026-06-01,PFC,431.0,431.8999938964844,420.04998779296875,421.1000061035156,2620603.0
2026-06-02,PFC,416.1000061035156,418.0,409.75,413.04998779296875,6066023.0
2026-06-03,PFC,413.0,418.54998779296875,408.45001220703125,416.6000061035156,5373519.0
2026-06-04,PFC,416.0,428.8999938964844,416.0,424.45001220703125,6886255.0
2026-06-05,PFC,425.1499938964844,438.5,425.1499938964844,431.75,10804549.0
2026-05-25,CIPLA,1392.9321899814283,1406.802069540276,1385.501897360617,1400.7587890625,668915.0
2026-05-26,CIPLA,1400.7588010813718,1409.3778922211661,1396.4987182345865,1404.3253173828125,1132793.0
2026-05-27,CIPLA,1404.4242775666798,1418.6904628325926,1402.8391727450776,1405.0186767578125,937447.0
2026-05-28,CIPLA,1405.0186767578125,1405.0186767578125,1405.0186767578125,1405.0186767578125,0.0
2026-05-29,CIPLA,1397.8856943526666,1415.9164890947511,1369.8486756380544,1387.9786376953125,9540984.0
2026-06-01,CIPLA,1396.8950276126673,1400.4615439215488,1373.1180909724517,1377.378173828125,714608.0
2026-06-02,CIPLA,1367.173792257983,1372.028274113295,1345.576360788594,1366.4803466796875,2290839.0
2026-06-03,CIPLA,1362.2202422090963,1372.028252140151,1352.6104459656287,1362.4183349609375,1520395.0
2026-06-04,CIPLA,1352.31321897514,1391.8423987938709,1341.4154567709447,1385.699951171875,1548692.0
2026-06-05,CIPLA,1394.0,1406.0999755859375,1382.0,1401.300048828125,1050391.0
2026-05-25,YESBANK,22.139999389648438,22.399999618530273,22.010000228881836,22.290000915527344,69502731.0
2026-05-26,YESBANK,22.350000381469727,22.899999618530273,22.200000762939453,22.829999923706055,122217274.0
2026-05-27,YESBANK,22.81999969482422,22.969999313354492,22.719999313354492,22.760000228881836,83642012.0
2026-05-28,YESBANK,22.760000228881836,22.760000228881836,22.760000228881836,22.760000228881836,0.0
2026-05-29,YESBANK,22.799999237060547,23.549999237060547,22.799999237060547,23.149999618530273,313761828.0
2026-06-01,YESBANK,23.280000686645508,23.770000457763672,22.920000076293945,23.010000228881836,141975429.0
2026-06-02,YESBANK,22.920000076293945,23.020000457763672,22.469999313354492,22.829999923706055,165063885.0
2026-06-03,YESBANK,22.809999465942383,23.030000686645508,22.200000762939453,22.93000030517578,111470651.0
2026-06-04,YESBANK,22.700000762939453,23.020000457763672,22.670000076293945,22.770000457763672,77191326.0
2026-06-05,YESBANK,22.81999969482422,23.399999618530273,22.719999313354492,23.299999237060547,148106091.0
2026-05-25,MUTHOOTFIN,3321.10009765625,3375.89990234375,3316.699951171875,3354.39990234375,578727.0
2026-05-26,MUTHOOTFIN,3345.39990234375,3356.5,3325.0,3331.5,176984.0
2026-05-27,MUTHOOTFIN,3334.89990234375,3360.0,3301.199951171875,3306.89990234375,168567.0
2026-05-28,MUTHOOTFIN,3306.89990234375,3306.89990234375,3306.89990234375,3306.89990234375,0.0
2026-05-29,MUTHOOTFIN,3307.0,3388.89990234375,3243.0,3342.89990234375,1954693.0
2026-06-01,MUTHOOTFIN,3330.0,3334.0,3224.10009765625,3246.39990234375,508201.0
2026-06-02,MUTHOOTFIN,3205.0,3268.60009765625,3179.300048828125,3262.10009765625,901489.0
2026-06-03,MUTHOOTFIN,3262.10009765625,3266.800048828125,3148.5,3218.300048828125,515696.0
2026-06-04,MUTHOOTFIN,3224.0,3224.0,3157.0,3169.699951171875,439987.0
2026-06-05,MUTHOOTFIN,3180.0,3225.0,3126.10009765625,3153.10009765625,553284.0
2026-05-25,IOB,33.84000015258789,34.0,33.619998931884766,33.790000915527344,3843907.0
2026-05-26,IOB,33.790000915527344,33.95000076293945,33.5,33.630001068115234,2870292.0
2026-05-27,IOB,33.630001068115234,33.970001220703125,33.529998779296875,33.880001068115234,2722431.0
2026-05-28,IOB,33.880001068115234,33.880001068115234,33.880001068115234,33.880001068115234,0.0
2026-05-29,IOB,33.880001068115234,34.060001373291016,33.099998474121094,33.41999816894531,3503704.0
2026-06-01,IOB,33.65999984741211,33.70000076293945,32.560001373291016,32.95000076293945,3385245.0
2026-06-02,IOB,32.95000076293945,33.13999938964844,32.439998626708984,32.81999969482422,3290157.0
2026-06-03,IOB,32.900001525878906,33.13999938964844,32.599998474121094,33.0099983215332,2748284.0
2026-06-04,IOB,33.0,33.13999938964844,32.79999923706055,32.91999816894531,2088753.0
2026-06-05,IOB,32.95000076293945,33.2400016784668,32.720001220703125,32.93000030517578,5083024.0
2026-05-25,IREDA,130.0,132.38999938964844,129.25,129.77000427246094,7175829.0
2026-05-26,IREDA,129.9499969482422,130.88999938964844,128.5500030517578,129.5399932861328,5282274.0
2026-05-27,IREDA,129.5399932861328,131.19000244140625,128.99000549316406,130.1999969482422,5122289.0
2026-05-28,IREDA,130.1999969482422,130.1999969482422,130.1999969482422,130.1999969482422,0.0
2026-05-29,IREDA,131.0,135.5,129.57000732421875,133.25,31424380.0
2026-06-01,IREDA,132.5800018310547,132.58999633789062,125.5199966430664,126.2699966430664,22746116.0
2026-06-02,IREDA,124.77999877929688,125.30000305175781,122.80000305175781,124.93000030517578,9621872.0
2026-06-03,IREDA,124.87999725341797,124.9000015258789,121.55000305175781,122.83000183105469,8224643.0
2026-06-04,IREDA,122.0,124.0999984741211,122.0,123.23999786376953,4344949.0
2026-06-05,IREDA,123.4800033569336,125.66999816894531,122.75,123.43000030517578,5141536.0
2026-05-25,ELGIEQUIP,562.3499755859375,573.0,561.0,567.9000244140625,289333.0
2026-05-26,ELGIEQUIP,567.5,572.0,560.5,563.0,184542.0
2026-05-27,ELGIEQUIP,568.4000244140625,589.0,559.7999877929688,577.9000244140625,1232509.0
2026-05-28,ELGIEQUIP,577.9000244140625,577.9000244140625,577.9000244140625,577.9000244140625,0.0
2026-05-29,ELGIEQUIP,582.0,633.8499755859375,567.2999877929688,573.4500122070312,6614154.0
2026-06-01,ELGIEQUIP,580.0,594.0,568.5,580.25,1000662.0
2026-06-02,ELGIEQUIP,580.25,590.75,572.25,589.3499755859375,403156.0
2026-06-03,ELGIEQUIP,591.0,607.0,580.3499755859375,601.2000122070312,1223194.0
2026-06-04,ELGIEQUIP,599.4000244140625,629.9000244140625,597.2000122070312,622.1500244140625,1850678.0
2026-06-05,ELGIEQUIP,622.9500122070312,631.7000122070312,608.4000244140625,610.2999877929688,378367.0
2026-05-25,VEDL,333.0,335.3999938964844,330.5,332.5,11129217.0
2026-05-26,VEDL,332.5,348.5,332.1499938964844,344.8999938964844,39844071.0
2026-05-27,VEDL,347.3999938964844,357.95001220703125,345.8999938964844,354.70001220703125,26959207.0
2026-05-28,VEDL,354.70001220703125,354.70001220703125,354.70001220703125,354.70001220703125,0.0
2026-05-29,VEDL,359.95001220703125,360.0,350.0,352.6000061035156,32684449.0
2026-06-01,VEDL,355.1000061035156,356.6499938964844,335.04998779296875,337.1499938964844,21598323.0
2026-06-02,VEDL,336.45001220703125,343.5,328.20001220703125,333.54998779296875,30249461.0
2026-06-03,VEDL,333.54998779296875,334.0,325.0,328.20001220703125,20194365.0
2026-06-04,VEDL,328.20001220703125,330.79998779296875,325.0,327.5,13730888.0
2026-06-05,VEDL,329.6000061035156,329.70001220703125,312.3500061035156,315.6000061035156,20824974.0
2026-05-25,WHIRLPOOL,852.9500122070312,863.0,844.7999877929688,855.0999755859375,329005.0
2026-05-26,WHIRLPOOL,855.2000122070312,871.0,842.25,855.0999755859375,209665.0
2026-05-27,WHIRLPOOL,856.0,863.0,845.0999755859375,849.5499877929688,190403.0
2026-05-28,WHIRLPOOL,849.5499877929688,849.5499877929688,849.5499877929688,849.5499877929688,0.0
2026-05-29,WHIRLPOOL,850.0,852.8499755859375,818.0,822.5,353067.0
2026-06-01,WHIRLPOOL,827.4000244140625,841.5,823.1500244140625,830.7999877929688,539613.0
2026-06-02,WHIRLPOOL,827.9500122070312,835.2999877929688,817.5999755859375,829.5,171356.0
2026-06-03,WHIRLPOOL,829.0,829.4500122070312,808.4500122070312,818.5,91944.0
2026-06-04,WHIRLPOOL,815.0,817.7000122070312,804.0499877929688,808.6500244140625,247674.0
2026-06-05,WHIRLPOOL,809.9500122070312,815.8499755859375,798.0,800.1500244140625,114633.0
2026-05-25,AMBUJACEM,437.1000061035156,444.6499938964844,437.1000061035156,441.95001220703125,3029764.0
2026-05-26,AMBUJACEM,442.04998779296875,455.95001220703125,440.6000061035156,449.70001220703125,4449009.0
2026-05-27,AMBUJACEM,450.0,462.0,449.70001220703125,459.75,4281809.0
2026-05-28,AMBUJACEM,459.75,459.75,459.75,459.75,0.0
2026-05-29,AMBUJACEM,460.95001220703125,461.95001220703125,445.45001220703125,447.8500061035156,3804649.0
2026-06-01,AMBUJACEM,448.6000061035156,452.0,433.1000061035156,434.8999938964844,2903380.0
2026-06-02,AMBUJACEM,432.0,441.6000061035156,429.6499938964844,439.3500061035156,4263528.0
2026-06-03,AMBUJACEM,438.20001220703125,440.5,424.0,426.95001220703125,8611792.0
2026-06-04,AMBUJACEM,425.8999938964844,429.79998779296875,423.6499938964844,426.3500061035156,2808700.0
2026-06-05,AMBUJACEM,430.0,430.45001220703125,415.0,417.54998779296875,7371968.0
2026-05-25,EICHERMOT,7237.0,7432.0,7215.0,7414.0,1354536.0
2026-05-26,EICHERMOT,7415.0,7441.0,7355.0,7376.0,388413.0
2026-05-27,EICHERMOT,7375.0,7429.0,7315.0,7419.0,283327.0
2026-05-28,EICHERMOT,7419.0,7419.0,7419.0,7419.0,0.0
2026-05-29,EICHERMOT,7350.0,7440.5,7131.5,7177.0,1464680.0
2026-06-01,EICHERMOT,7177.0,7240.5,7069.5,7100.5,600629.0
2026-06-02,EICHERMOT,7069.0,7165.0,6950.0,7141.5,452665.0
2026-06-03,EICHERMOT,7139.5,7178.0,7045.0,7130.0,413545.0
2026-06-04,EICHERMOT,7105.0,7156.0,7030.5,7110.0,429763.0
2026-06-05,EICHERMOT,7140.0,7150.0,7029.0,7070.0,422329.0
2026-05-25,INDIANB,839.4000244140625,849.9000244140625,835.0,840.1500244140625,2632041.0
2026-05-26,INDIANB,844.0,847.2999877929688,830.0999755859375,833.5499877929688,2469501.0
2026-05-27,INDIANB,833.5499877929688,837.8499755859375,827.0999755859375,833.3499755859375,1027273.0
2026-05-28,INDIANB,833.3499755859375,833.3499755859375,833.3499755859375,833.3499755859375,0.0
2026-05-29,INDIANB,837.0,853.9500122070312,817.1500244140625,833.0,34509165.0
2026-06-01,INDIANB,840.25,842.4000244140625,808.0,809.75,3257722.0
2026-06-02,INDIANB,811.8499755859375,828.0,805.8499755859375,825.5499877929688,2748849.0
2026-06-03,INDIANB,829.5,851.0,815.5999755859375,847.9000244140625,2814036.0
2026-06-04,INDIANB,847.9000244140625,849.9000244140625,832.7000122070312,837.25,1830531.0
2026-06-05,INDIANB,839.0,860.9500122070312,835.7999877929688,842.0499877929688,3472043.0
2026-05-25,KALYANKJIL,358.70001220703125,360.25,355.29998779296875,357.8500061035156,3657122.0
2026-05-26,KALYANKJIL,357.8500061035156,358.20001220703125,352.3500061035156,355.45001220703125,3012372.0
2026-05-27,KALYANKJIL,356.79998779296875,357.79998779296875,352.70001220703125,354.75,2019909.0
2026-05-28,KALYANKJIL,354.75,354.75,354.75,354.75,0.0
2026-05-29,KALYANKJIL,354.95001220703125,365.8999938964844,350.45001220703125,355.04998779296875,52597584.0
2026-06-01,KALYANKJIL,360.0,360.95001220703125,343.0,343.95001220703125,5068186.0
2026-06-02,KALYANKJIL,343.95001220703125,353.8999938964844,338.1000061035156,353.1000061035156,9500123.0
2026-06-03,KALYANKJIL,352.5,354.95001220703125,343.6000061035156,353.0,8384944.0
2026-06-04,KALYANKJIL,351.5,371.70001220703125,350.45001220703125,362.1000061035156,14354554.0
2026-06-05,KALYANKJIL,367.0,374.25,361.8500061035156,371.8500061035156,8220311.0
2026-05-25,MAZDOCK,2491.0,2503.89990234375,2460.699951171875,2470.199951171875,810730.0
2026-05-26,MAZDOCK,2461.0,2487.5,2444.199951171875,2460.10009765625,609775.0
2026-05-27,MAZDOCK,2457.0,2479.699951171875,2444.0,2455.10009765625,525423.0
2026-05-28,MAZDOCK,2455.10009765625,2455.10009765625,2455.10009765625,2455.10009765625,0.0
2026-05-29,MAZDOCK,2460.0,2534.0,2430.5,2456.5,1843801.0
2026-06-01,MAZDOCK,2464.89990234375,2474.199951171875,2402.0,2423.10009765625,703386.0
2026-06-02,MAZDOCK,2401.0,2452.0,2388.10009765625,2444.89990234375,661700.0
2026-06-03,MAZDOCK,2450.0,2458.39990234375,2387.0,2441.800048828125,752970.0
2026-06-04,MAZDOCK,2433.800048828125,2479.0,2422.60009765625,2445.199951171875,617854.0
2026-06-05,MAZDOCK,2450.0,2474.5,2415.0,2423.10009765625,588766.0
2026-05-25,COFORGE,1398.0,1415.199951171875,1376.5999755859375,1398.0,1369562.0
2026-05-26,COFORGE,1400.0,1428.4000244140625,1395.0999755859375,1422.800048828125,1780000.0
2026-05-27,COFORGE,1425.0,1433.4000244140625,1382.199951171875,1388.4000244140625,1709429.0
2026-05-28,COFORGE,1388.4000244140625,1388.4000244140625,1388.4000244140625,1388.4000244140625,0.0
2026-05-29,COFORGE,1410.0,1449.800048828125,1405.5,1421.800048828125,3533060.0
2026-06-01,COFORGE,1438.199951171875,1498.199951171875,1438.0999755859375,1461.199951171875,5877548.0
2026-06-02,COFORGE,1472.199951171875,1554.0,1462.0,1519.5,10654328.0
2026-06-03,COFORGE,1490.0,1490.0,1417.0,1420.9000244140625,4844251.0
2026-06-04,COFORGE,1410.0,1443.0999755859375,1391.0,1436.5,2111985.0
2026-06-05,COFORGE,1453.699951171875,1473.300048828125,1424.5999755859375,1435.5,2525034.0
2026-05-25,TIINDIA,3044.0,3100.0,3026.300048828125,3047.60009765625,175370.0
2026-05-26,TIINDIA,3047.5,3072.699951171875,3014.89990234375,3039.10009765625,169112.0
2026-05-27,TIINDIA,3050.0,3224.89990234375,3050.0,3210.5,647171.0
2026-05-28,TIINDIA,3210.5,3210.5,3210.5,3210.5,0.0
2026-05-29,TIINDIA,3237.0,3250.0,3121.89990234375,3141.39990234375,740060.0
2026-06-01,TIINDIA,3140.89990234375,3144.0,3050.0,3056.60009765625,335850.0
2026-06-02,TIINDIA,3030.199951171875,3120.0,2990.300048828125,3110.699951171875,352838.0
2026-06-03,TIINDIA,3131.0,3131.0,3030.5,3070.199951171875,194889.0
2026-06-04,TIINDIA,3051.0,3160.0,3042.60009765625,3098.39990234375,207106.0
2026-06-05,TIINDIA,3099.800048828125,3157.0,3076.60009765625,3129.0,192369.0
2026-05-25,MARUTI,13145.0,13236.0,13101.0,13170.0,276553.0
2026-05-26,MARUTI,13188.0,13329.0,13134.0,13208.0,256901.0
2026-05-27,MARUTI,13208.0,13417.0,13102.0,13364.0,322020.0
2026-05-28,MARUTI,13364.0,13364.0,13364.0,13364.0,0.0
2026-05-29,MARUTI,13456.0,13508.0,13050.0,13127.0,963291.0
2026-06-01,MARUTI,13200.0,13267.0,12913.0,12946.0,295359.0
2026-06-02,MARUTI,12700.0,13051.0,12700.0,13022.0,586599.0
2026-06-03,MARUTI,13014.0,13206.0,12911.0,13044.0,607808.0
2026-06-04,MARUTI,12990.0,13264.0,12949.0,13064.0,465070.0
2026-06-05,MARUTI,13151.0,13175.0,12915.0,13050.0,295703.0
2026-05-25,TITAN,4120.10009765625,4170.0,4110.39990234375,4159.2001953125,606086.0
2026-05-26,TITAN,4151.89990234375,4160.0,4091.0,4105.89990234375,766717.0
2026-05-27,TITAN,4098.2998046875,4165.10009765625,4091.10009765625,4137.89990234375,474044.0
2026-05-28,TITAN,4137.89990234375,4137.89990234375,4137.89990234375,4137.89990234375,0.0
2026-05-29,TITAN,4116.2001953125,4163.2998046875,4059.0,4074.89990234375,2001419.0
2026-06-01,TITAN,4100.0,4105.0,4007.0,4024.60009765625,450200.0
2026-06-02,TITAN,4017.39990234375,4088.0,3986.0,4078.10009765625,522015.0
2026-06-03,TITAN,4057.0,4103.7998046875,4002.0,4088.800048828125,959352.0
2026-06-04,TITAN,4075.0,4273.7998046875,4052.300048828125,4231.0,1761933.0
2026-06-05,TITAN,4269.0,4289.0,4223.2001953125,4260.2001953125,1390200.0
2026-05-25,ENRIN,3534.0,3640.0,3425.0,3559.60009765625,519128.0
2026-05-26,ENRIN,3589.89990234375,3593.0,3452.0,3462.60009765625,876471.0
2026-05-27,ENRIN,3470.699951171875,3821.0,3470.0,3766.10009765625,1961116.0
2026-05-28,ENRIN,3766.10009765625,3766.10009765625,3766.10009765625,3766.10009765625,0.0
2026-05-29,ENRIN,3814.89990234375,3968.0,3809.0,3872.10009765625,2387595.0
2026-06-01,ENRIN,3900.0,3932.0,3702.699951171875,3717.39990234375,691126.0
2026-06-02,ENRIN,3713.10009765625,3713.10009765625,3591.300048828125,3623.300048828125,496729.0
2026-06-03,ENRIN,3641.39990234375,3789.89990234375,3623.300048828125,3686.60009765625,1027266.0
2026-06-04,ENRIN,3697.60009765625,3818.89990234375,3690.0,3700.89990234375,627759.0
2026-06-05,ENRIN,3730.10009765625,3775.0,3631.0,3647.89990234375,356760.0
2026-05-25,KANSAINER,219.3000030517578,225.39999389648438,217.14999389648438,218.36000061035156,647270.0
2026-05-26,KANSAINER,218.49000549316406,220.38999938964844,217.3000030517578,217.75999450683594,117138.0
2026-05-27,KANSAINER,218.05999755859375,220.0,215.94000244140625,218.33999633789062,305005.0
2026-05-28,KANSAINER,218.33999633789062,218.33999633789062,218.33999633789062,218.33999633789062,0.0
2026-05-29,KANSAINER,220.39999389648438,222.5,217.0,218.05999755859375,486286.0
2026-06-01,KANSAINER,220.3000030517578,220.3000030517578,213.5500030517578,215.11000061035156,170846.0
2026-06-02,KANSAINER,212.00999450683594,216.32000732421875,212.00999450683594,215.00999450683594,138550.0
2026-06-03,KANSAINER,215.00999450683594,217.0,213.14999389648438,214.86000061035156,136858.0
2026-06-04,KANSAINER,214.86000061035156,216.86000061035156,212.5500030517578,213.64999389648438,105992.0
2026-06-05,KANSAINER,214.47999572753906,216.5,209.66000366210938,210.88999938964844,149179.0
2026-05-25,PNB,103.5999984741211,106.5,103.5,106.26000213623047,23250421.0
2026-05-26,PNB,106.12999725341797,107.19999694824219,105.44000244140625,105.91000366210938,26298361.0
2026-05-27,PNB,105.9000015258789,107.04000091552734,105.58000183105469,106.66999816894531,11620905.0
2026-05-28,PNB,106.66999816894531,106.66999816894531,106.66999816894531,106.66999816894531,0.0
2026-05-29,PNB,106.75,108.47000122070312,105.56999969482422,106.05000305175781,32063993.0
2026-06-01,PNB,106.5,107.12999725341797,103.5199966430664,103.77999877929688,19255610.0
2026-06-02,PNB,103.1500015258789,104.52999877929688,102.66999816894531,104.08999633789062,17365945.0
2026-06-03,PNB,104.01000213623047,106.11000061035156,102.9000015258789,105.80000305175781,15562385.0
2026-06-04,PNB,105.0,106.2699966430664,104.16999816894531,105.66999816894531,12866999.0
2026-06-05,PNB,106.19999694824219,108.80000305175781,106.0199966430664,106.8499984741211,24442790.0
2026-05-25,SUNPHARMA,1840.0,1849.0,1825.0,1840.5999755859375,3049028.0
2026-05-26,SUNPHARMA,1830.0,1844.9000244140625,1815.9000244140625,1840.800048828125,2337759.0
2026-05-27,SUNPHARMA,1865.0,1882.0,1830.0,1844.300048828125,1385752.0
2026-05-28,SUNPHARMA,1844.300048828125,1844.300048828125,1844.300048828125,1844.300048828125,0.0
2026-05-29,SUNPHARMA,1844.300048828125,1852.800048828125,1785.300048828125,1799.199951171875,10058572.0
2026-06-01,SUNPHARMA,1812.0,1812.0999755859375,1777.0999755859375,1796.5,2051152.0
2026-06-02,SUNPHARMA,1794.199951171875,1800.0,1766.5,1789.9000244140625,2885899.0
2026-06-03,SUNPHARMA,1781.0,1796.300048828125,1756.800048828125,1788.5,4209769.0
2026-06-04,SUNPHARMA,1787.0,1793.4000244140625,1768.5999755859375,1780.0999755859375,2343536.0
2026-06-05,SUNPHARMA,1789.0,1802.9000244140625,1779.0,1782.199951171875,2495159.0
2026-05-25,HDFCBANK,776.0,787.8499755859375,775.2000122070312,786.8499755859375,26043952.0
2026-05-26,HDFCBANK,784.0499877929688,790.8499755859375,776.75,778.9000244140625,31528062.0
2026-05-27,HDFCBANK,769.5,773.9000244140625,756.9000244140625,758.6500244140625,63680153.0
2026-05-28,HDFCBANK,758.6500244140625,758.6500244140625,758.6500244140625,758.6500244140625,0.0
2026-05-29,HDFCBANK,746.0499877929688,760.5,737.75,744.5499877929688,101299431.0
2026-06-01,HDFCBANK,749.0,752.3499755859375,739.2000122070312,742.7000122070312,47996441.0
2026-06-02,HDFCBANK,737.0,753.5999755859375,733.1500244140625,748.25,47314447.0
2026-06-03,HDFCBANK,744.4500122070312,756.9000244140625,742.5999755859375,753.6500244140625,36109480.0
2026-06-04,HDFCBANK,749.1500244140625,757.2999877929688,745.0,754.2000122070312,42673538.0
2026-06-05,HDFCBANK,753.9500122070312,758.7000122070312,744.6500244140625,747.0499877929688,22116568.0
2026-05-25,BANDHANBNK,196.50999450683594,199.5800018310547,195.1999969482422,196.97000122070312,11447061.0
2026-05-26,BANDHANBNK,197.0,203.69000244140625,197.0,200.39999389648438,18270681.0
2026-05-27,BANDHANBNK,200.50999450683594,208.25999450683594,200.50999450683594,205.8300018310547,12630859.0
2026-05-28,BANDHANBNK,205.8300018310547,205.8300018310547,205.8300018310547,205.8300018310547,0.0
2026-05-29,BANDHANBNK,205.92999267578125,212.47999572753906,205.92999267578125,208.3000030517578,17292707.0
2026-06-01,BANDHANBNK,210.0,211.41000366210938,205.4499969482422,207.13999938964844,9048068.0
2026-06-02,BANDHANBNK,205.08999633789062,208.9499969482422,203.5,206.3300018310547,7625242.0
2026-06-03,BANDHANBNK,208.0,209.44000244140625,201.0,207.6199951171875,11101299.0
2026-06-04,BANDHANBNK,207.0,207.0500030517578,203.82000732421875,205.44000244140625,4284782.0
2026-06-05,BANDHANBNK,205.5500030517578,208.9499969482422,203.36000061035156,205.8699951171875,6152884.0
2026-05-25,GODREJPROP,1759.800048828125,1770.5,1750.0,1767.300048828125,352723.0
2026-05-26,GODREJPROP,1777.0,1790.800048828125,1752.0999755859375,1760.199951171875,393643.0
2026-05-27,GODREJPROP,1758.0,1812.300048828125,1752.699951171875,1788.5999755859375,556467.0
2026-05-28,GODREJPROP,1788.5999755859375,1788.5999755859375,1788.5999755859375,1788.5999755859375,0.0
2026-05-29,GODREJPROP,1812.5,1834.800048828125,1750.0,1762.699951171875,2150631.0
2026-06-01,GODREJPROP,1785.0,1793.5999755859375,1708.800048828125,1714.199951171875,539239.0
2026-06-02,GODREJPROP,1701.0,1737.0,1673.5999755859375,1720.5,831566.0
2026-06-03,GODREJPROP,1730.0,1730.0,1665.5,1704.800048828125,689274.0
2026-06-04,GODREJPROP,1698.0999755859375,1722.199951171875,1683.0,1694.300048828125,419328.0
2026-06-05,GODREJPROP,1705.0,1739.0,1695.199951171875,1708.300048828125,639417.0
2026-05-25,VBL,542.9500122070312,543.9500122070312,526.2000122070312,530.7000122070312,8578018.0
2026-05-26,VBL,529.1500244140625,535.0,526.5499877929688,531.2999877929688,4811410.0
2026-05-27,VBL,532.7000122070312,540.0,530.4000244140625,534.5,4232992.0
2026-05-28,VBL,534.5,534.5,534.5,534.5,0.0
2026-05-29,VBL,539.0,544.4000244140625,525.4500122070312,528.0,13582024.0
2026-06-01,VBL,529.0,532.2999877929688,522.0,525.5,3454028.0
2026-06-02,VBL,518.0,538.0,515.1500244140625,537.0,8512936.0
2026-06-03,VBL,538.9500122070312,539.6500244140625,528.5,533.4000244140625,4501572.0
2026-06-04,VBL,533.0,535.7999877929688,527.1500244140625,528.4000244140625,2968198.0
2026-06-05,VBL,527.5,527.9000244140625,518.2999877929688,523.2999877929688,3217921.0
2026-05-25,SJVN,73.9800033569336,74.75,73.76000213623047,74.2699966430664,1836904.0
2026-05-26,SJVN,74.19000244140625,75.19999694824219,73.31999969482422,73.79000091552734,2382386.0
2026-05-27,SJVN,73.79000091552734,76.12999725341797,73.75,75.5199966430664,4499727.0
2026-05-28,SJVN,75.5199966430664,75.5199966430664,75.5199966430664,75.5199966430664,0.0
2026-05-29,SJVN,75.80000305175781,77.80000305175781,74.25,75.16000366210938,7861333.0
2026-06-01,SJVN,75.55000305175781,75.69000244140625,72.6500015258789,72.91000366210938,4049759.0
2026-06-02,SJVN,72.33000183105469,72.5,71.20999908447266,72.04000091552734,3313764.0
2026-06-03,SJVN,72.3499984741211,73.55000305175781,71.94999694824219,73.2300033569336,3543740.0
2026-06-04,SJVN,72.5999984741211,74.31999969482422,72.30000305175781,73.7300033569336,2285055.0
2026-06-05,SJVN,73.80000305175781,74.1500015258789,73.08000183105469,73.68000030517578,2515042.0
2026-05-25,SUNDARMFIN,4523.0,4533.89990234375,4363.7001953125,4385.2001953125,112023.0
2026-05-26,SUNDARMFIN,4429.60009765625,4507.0,4302.0,4312.7998046875,147704.0
2026-05-27,SUNDARMFIN,4326.5,4363.89990234375,4272.5,4354.60009765625,60624.0
2026-05-28,SUNDARMFIN,4354.60009765625,4354.60009765625,4354.60009765625,4354.60009765625,0.0
2026-05-29,SUNDARMFIN,4392.89990234375,4392.89990234375,4115.0,4188.89990234375,425370.0
2026-06-01,SUNDARMFIN,4226.10009765625,4287.5,4150.0,4212.7998046875,88619.0
2026-06-02,SUNDARMFIN,4210.0,4305.0,4170.2001953125,4250.2001953125,97366.0
2026-06-03,SUNDARMFIN,4245.0,4250.0,4115.0,4169.5,83380.0
2026-06-04,SUNDARMFIN,4169.5,4218.89990234375,4090.0,4103.10009765625,105514.0
2026-06-05,SUNDARMFIN,4109.0,4200.0,4089.89990234375,4105.39990234375,131572.0
2026-05-25,OFSS,9530.0,9837.5,9500.0,9703.0,184137.0
2026-05-26,OFSS,9711.5,9917.0,9594.0,9882.0,259841.0
2026-05-27,OFSS,9950.0,10380.5,9911.0,10299.5,450281.0
2026-05-28,OFSS,10299.5,10299.5,10299.5,10299.5,0.0
2026-05-29,OFSS,10345.5,10584.5,9900.0,9964.0,682054.0
2026-06-01,OFSS,10069.0,10291.0,10063.0,10191.0,362417.0
2026-06-02,OFSS,10290.0,10475.5,10176.5,10344.5,528415.0
2026-06-03,OFSS,10300.0,10300.5,9933.5,9997.5,235347.0
2026-06-04,OFSS,9875.0,10209.0,9775.0,10098.0,277226.0
2026-06-05,OFSS,10175.0,10198.0,9908.5,9936.5,197221.0
2026-05-25,POLYCAB,9320.0,9424.0,9296.0,9398.5,252126.0
2026-05-26,POLYCAB,9369.5,9669.5,9358.0,9613.5,424144.0
2026-05-27,POLYCAB,9613.5,9696.0,9561.0,9664.0,219320.0
2026-05-28,POLYCAB,9664.0,9664.0,9664.0,9664.0,0.0
2026-05-29,POLYCAB,9700.0,9747.0,9426.0,9477.5,496089.0
2026-06-01,POLYCAB,9501.0,9599.0,9383.0,9480.5,216109.0
2026-06-02,POLYCAB,9420.0,9555.5,9320.5,9531.5,256995.0
2026-06-03,POLYCAB,9525.0,9640.0,9479.5,9571.5,162922.0
2026-06-04,POLYCAB,9565.0,9774.5,9532.5,9717.5,259390.0
2026-06-05,POLYCAB,9755.0,9833.0,9656.0,9699.0,256030.0
2026-05-25,SAIL,202.39999389648438,203.32000732421875,196.11000061035156,198.32000732421875,22355175.0
2026-05-26,SAIL,198.35000610351562,205.0,198.35000610351562,203.83999633789062,35728025.0
2026-05-27,SAIL,205.99000549316406,208.4499969482422,203.82000732421875,206.05999755859375,35333674.0
2026-05-28,SAIL,206.05999755859375,206.05999755859375,206.05999755859375,206.05999755859375,0.0
2026-05-29,SAIL,206.3000030517578,207.5,203.1699981689453,204.3699951171875,19770515.0
2026-06-01,SAIL,205.1999969482422,206.25,202.25,203.69000244140625,18107952.0
2026-06-02,SAIL,203.41000366210938,206.60000610351562,202.6199951171875,205.85000610351562,16404349.0
2026-06-03,SAIL,206.69000244140625,206.89999389648438,200.7100067138672,203.8699951171875,10280547.0
2026-06-04,SAIL,203.39999389648438,205.5,195.77000427246094,197.30999755859375,38406537.0
2026-06-05,SAIL,197.5,198.1999969482422,188.25,190.55999755859375,20088924.0
2026-05-25,DIVISLAB,6750.0,6945.0,6690.0,6756.5,874049.0
2026-05-26,DIVISLAB,6755.0,6805.0,6661.0,6753.0,309440.0
2026-05-27,DIVISLAB,6785.0,6855.5,6726.0,6797.5,155051.0
2026-05-28,DIVISLAB,6797.5,6797.5,6797.5,6797.5,0.0
2026-05-29,DIVISLAB,6800.0,6849.0,6590.0,6667.0,612037.0
2026-06-01,DIVISLAB,6690.0,6702.5,6535.5,6553.5,125379.0
2026-06-02,DIVISLAB,6510.0,6552.0,6450.5,6533.0,362800.0
2026-06-03,DIVISLAB,6520.0,6604.5,6460.0,6576.5,563313.0
2026-06-04,DIVISLAB,6551.0,6700.0,6521.0,6596.5,347823.0
2026-06-05,DIVISLAB,6636.5,6636.5,6567.0,6623.0,200964.0
2026-05-25,CHOLAFIN,1566.0,1600.0,1548.5,1591.0,1668255.0
2026-05-26,CHOLAFIN,1598.5,1598.9000244140625,1562.199951171875,1567.300048828125,866674.0
2026-05-27,CHOLAFIN,1568.0,1587.0,1555.300048828125,1579.199951171875,557092.0
2026-05-28,CHOLAFIN,1579.199951171875,1579.199951171875,1579.199951171875,1579.199951171875,0.0
2026-05-29,CHOLAFIN,1590.4000244140625,1629.9000244140625,1530.199951171875,1537.699951171875,2265673.0
2026-06-01,CHOLAFIN,1532.9000244140625,1548.300048828125,1486.9000244140625,1492.9000244140625,2918334.0
2026-06-02,CHOLAFIN,1476.0,1488.0,1452.0999755859375,1482.800048828125,867651.0
2026-06-03,CHOLAFIN,1494.0,1494.0,1444.5999755859375,1470.5999755859375,1078181.0
2026-06-04,CHOLAFIN,1465.0999755859375,1494.0,1452.300048828125,1486.0,871155.0
2026-06-05,CHOLAFIN,1486.5,1549.0,1480.0999755859375,1503.199951171875,2458256.0
2026-05-25,JSWENERGY,555.361199499447,557.6035731178836,549.7802050470938,555.161865234375,2566491.0
2026-05-26,JSWENERGY,558.0022038373993,578.9808412138113,551.4743568612159,574.047607421875,6108184.0
2026-05-27,JSWENERGY,580.0273100522131,606.8361567897175,577.1371152756249,600.0093383789062,10917970.0
2026-05-28,JSWENERGY,600.0093383789062,600.0093383789062,600.0093383789062,600.0093383789062,0.0
2026-05-29,JSWENERGY,603.94591631665,615.2574202859911,590.0930071061306,593.0330200195312,11039282.0
2026-06-01,JSWENERGY,596.8700565985038,605.939187875193,579.2798568296973,581.472412109375,2465291.0
2026-06-02,JSWENERGY,579.8777516950183,589.9933718442655,569.36352387257,586.5550537109375,4070897.0
2026-06-03,JSWENERGY,587.9005320213503,588.4486556062116,569.4632385948954,578.2333984375,1997491.0
2026-06-04,JSWENERGY,576.0408439557402,592.3354005909983,570.7090023438612,588.0499877929688,2592199.0
2026-06-05,JSWENERGY,591.0,592.9000244140625,575.75,584.2000122070312,1509598.0
2026-05-25,TATAELXSI,4355.10009765625,4394.0,4300.0,4327.2001953125,287410.0
2026-05-26,TATAELXSI,4310.2001953125,4353.0,4310.0,4335.60009765625,191626.0
2026-05-27,TATAELXSI,4345.0,4369.89990234375,4321.0,4331.2001953125,172636.0
2026-05-28,TATAELXSI,4331.2001953125,4331.2001953125,4331.2001953125,4331.2001953125,0.0
2026-05-29,TATAELXSI,4370.0,4424.60009765625,4265.0,4285.39990234375,290950.0
2026-06-01,TATAELXSI,4306.89990234375,4380.0,4290.60009765625,4302.89990234375,204874.0
2026-06-02,TATAELXSI,4301.0,4542.7998046875,4301.0,4530.2998046875,940780.0
2026-06-03,TATAELXSI,4496.10009765625,4497.89990234375,4287.0,4347.0,498745.0
2026-06-04,TATAELXSI,4320.0,4322.5,4266.5,4295.2001953125,331580.0
2026-06-05,TATAELXSI,4343.0,4365.0,4272.10009765625,4301.10009765625,169218.0
2026-05-25,TECHM,1429.4000244140625,1445.0,1421.199951171875,1435.5,887430.0
2026-05-26,TECHM,1433.5999755859375,1465.800048828125,1429.9000244140625,1458.699951171875,1725570.0
2026-05-27,TECHM,1460.0999755859375,1479.0,1451.0999755859375,1455.5999755859375,1825192.0
2026-05-28,TECHM,1455.5999755859375,1455.5999755859375,1455.5999755859375,1455.5999755859375,0.0
2026-05-29,TECHM,1476.9000244140625,1496.5999755859375,1460.0999755859375,1483.9000244140625,3955137.0
2026-06-01,TECHM,1495.199951171875,1562.5,1495.199951171875,1543.199951171875,5243443.0
2026-06-02,TECHM,1562.9000244140625,1589.0,1554.0,1571.4000244140625,4169279.0
2026-06-03,TECHM,1549.0999755859375,1554.699951171875,1467.5999755859375,1472.300048828125,3493572.0
2026-06-04,TECHM,1460.0,1499.699951171875,1453.0999755859375,1487.300048828125,2061503.0
2026-06-05,TECHM,1508.699951171875,1524.0,1467.9000244140625,1483.5,2201977.0
2026-05-25,ADANIPORTS,1809.0,1813.300048828125,1793.0,1802.9000244140625,1516143.0
2026-05-26,ADANIPORTS,1805.0,1820.5,1800.0,1811.199951171875,2104926.0
2026-05-27,ADANIPORTS,1810.0,1842.800048828125,1809.9000244140625,1824.5,2102406.0
2026-05-28,ADANIPORTS,1824.5,1824.5,1824.5,1824.5,0.0
2026-05-29,ADANIPORTS,1836.4000244140625,1840.699951171875,1796.4000244140625,1804.5999755859375,3554087.0
2026-06-01,ADANIPORTS,1809.0999755859375,1814.9000244140625,1777.0,1783.5,1224826.0
2026-06-02,ADANIPORTS,1745.199951171875,1817.800048828125,1745.199951171875,1814.5,2256569.0
2026-06-03,ADANIPORTS,1829.4000244140625,1840.0,1781.9000244140625,1803.800048828125,2967709.0
2026-06-04,ADANIPORTS,1794.300048828125,1826.4000244140625,1786.199951171875,1790.9000244140625,1369988.0
2026-06-05,ADANIPORTS,1801.5,1827.9000244140625,1796.699951171875,1824.199951171875,1640762.0
2026-05-25,ICICIGI,1828.1585633110485,1853.7614239728632,1825.4688249201965,1847.2860107421875,388195.0
2026-05-26,ICICIGI,1854.956826626039,1880.3603707071154,1835.0324783271558,1853.2633056640625,279695.0
2026-05-27,ICICIGI,1853.9606613142446,1863.623921867348,1841.507943277475,1843.5999755859375,241816.0
2026-05-28,ICICIGI,1843.5999755859375,1843.5999755859375,1843.5999755859375,1843.5999755859375,0.0
2026-05-29,ICICIGI,1852.5,1857.0999755859375,1739.5,1792.199951171875,2916778.0
2026-06-01,ICICIGI,1790.9000244140625,1795.699951171875,1735.0999755859375,1747.9000244140625,708513.0
2026-06-02,ICICIGI,1744.0999755859375,1758.800048828125,1718.4000244140625,1746.5,743670.0
2026-06-03,ICICIGI,1730.199951171875,1745.0,1720.0,1740.800048828125,711061.0
2026-06-04,ICICIGI,1726.0,1746.199951171875,1726.0,1732.9000244140625,651770.0
2026-06-05,ICICIGI,1737.699951171875,1773.5,1737.699951171875,1758.0,756353.0
2026-05-25,HEROMOTOCO,5026.0,5065.5,4948.0,4979.0,445788.0
2026-05-26,HEROMOTOCO,4979.0,5029.0,4953.0,4983.0,413024.0
2026-05-27,HEROMOTOCO,4993.0,5102.0,4980.0,5075.0,460843.0
2026-05-28,HEROMOTOCO,5075.0,5075.0,5075.0,5075.0,0.0
2026-05-29,HEROMOTOCO,5115.0,5140.0,4875.5,4903.0,1648645.0
2026-06-01,HEROMOTOCO,4915.5,4969.0,4761.0,4819.89990234375,856536.0
2026-06-02,HEROMOTOCO,4838.39990234375,4892.10009765625,4747.10009765625,4875.0,703263.0
2026-06-03,HEROMOTOCO,4856.0,4873.7998046875,4815.0,4840.89990234375,571637.0
2026-06-04,HEROMOTOCO,4850.39990234375,4980.0,4850.39990234375,4882.2998046875,783946.0
2026-06-05,HEROMOTOCO,4898.0,4904.5,4791.10009765625,4835.0,654540.0
2026-05-25,FIRSTCRY,236.9499969482422,237.5,231.72999572753906,232.88999938964844,768967.0
2026-05-26,FIRSTCRY,234.8000030517578,238.58999633789062,232.88999938964844,237.11000061035156,1326455.0
2026-05-27,FIRSTCRY,245.0,245.0,221.0,229.52999877929688,13204357.0
2026-05-28,FIRSTCRY,229.52999877929688,229.52999877929688,229.52999877929688,229.52999877929688,0.0
2026-05-29,FIRSTCRY,228.5,234.0,224.10000610351562,225.49000549316406,1380558.0
2026-06-01,FIRSTCRY,226.5,231.9199981689453,222.33999633789062,223.3300018310547,805598.0
2026-06-02,FIRSTCRY,223.7899932861328,226.8000030517578,221.32000732421875,222.80999755859375,817685.0
2026-06-03,FIRSTCRY,223.0,228.58999633789062,221.10000610351562,222.07000732421875,1309496.0
2026-06-04,FIRSTCRY,222.07000732421875,225.86000061035156,219.07000732421875,219.6999969482422,8845758.0
2026-06-05,FIRSTCRY,223.50999450683594,235.02000427246094,216.4600067138672,221.13999938964844,9861014.0
2026-05-25,ESCORTS,2941.89990234375,2985.0,2940.5,2976.5,67529.0
2026-05-26,ESCORTS,2984.0,3042.699951171875,2931.0,2939.60009765625,138775.0
2026-05-27,ESCORTS,2940.0,2964.60009765625,2875.10009765625,2880.39990234375,130340.0
2026-05-28,ESCORTS,2880.39990234375,2880.39990234375,2880.39990234375,2880.39990234375,0.0
2026-05-29,ESCORTS,2896.0,2921.800048828125,2750.0,2859.800048828125,805789.0
2026-06-01,ESCORTS,2871.0,2899.0,2755.0,2762.800048828125,184197.0
2026-06-02,ESCORTS,2769.0,2769.0,2700.0,2750.300048828125,265863.0
2026-06-03,ESCORTS,2754.0,2790.300048828125,2736.60009765625,2765.0,97842.0
2026-06-04,ESCORTS,2765.0,2787.89990234375,2746.0,2751.10009765625,78819.0
2026-06-05,ESCORTS,2765.0,2799.0,2751.60009765625,2781.5,112142.0
2026-05-25,POWERGRID,298.5,298.5,294.1499938964844,295.3500061035156,5896815.0
2026-05-26,POWERGRID,295.0,295.95001220703125,292.04998779296875,292.54998779296875,5625947.0
2026-05-27,POWERGRID,292.0,301.25,292.0,300.1499938964844,9883025.0
2026-05-28,POWERGRID,300.1499938964844,300.1499938964844,300.1499938964844,300.1499938964844,0.0
2026-05-29,POWERGRID,303.0,303.0,285.45001220703125,290.54998779296875,77407363.0
2026-06-01,POWERGRID,291.0,292.3500061035156,284.70001220703125,286.1499938964844,17628347.0
2026-06-02,POWERGRID,281.75,285.25,278.3999938964844,282.1499938964844,15198142.0
2026-06-03,POWERGRID,282.0,286.0,280.3500061035156,285.04998779296875,13002063.0
2026-06-04,POWERGRID,280.0,286.04998779296875,280.0,284.6000061035156,16292818.0
2026-06-05,POWERGRID,284.0,286.54998779296875,283.0,285.6499938964844,6955072.0
2026-05-25,UNIONBANK,162.0,169.4600067138672,161.91000366210938,168.8699951171875,19110578.0
2026-05-26,UNIONBANK,170.9600067138672,170.9600067138672,166.24000549316406,167.55999755859375,16199061.0
2026-05-27,UNIONBANK,167.55999755859375,169.39999389648438,167.07000732421875,168.72000122070312,7569728.0
2026-05-28,UNIONBANK,168.72000122070312,168.72000122070312,168.72000122070312,168.72000122070312,0.0
2026-05-29,UNIONBANK,169.0,171.7899932861328,166.60000610351562,167.8800048828125,48286734.0
2026-06-01,UNIONBANK,168.0,168.7899932861328,161.9499969482422,162.5399932861328,11662148.0
2026-06-02,UNIONBANK,161.0500030517578,163.89999389648438,160.10000610351562,162.67999267578125,18233176.0
2026-06-03,UNIONBANK,164.00999450683594,167.5,160.5500030517578,166.6999969482422,10405094.0
2026-06-04,UNIONBANK,166.4499969482422,167.5,165.14999389648438,166.5399932861328,6247512.0
2026-06-05,UNIONBANK,167.60000610351562,169.58999633789062,165.83999633789062,167.0,12927945.0
2026-05-25,PVRINOX,990.0,1005.0999755859375,979.0,981.4000244140625,239536.0
2026-05-26,PVRINOX,984.9000244140625,992.0,965.0,967.7000122070312,202611.0
2026-05-27,PVRINOX,969.5,979.2999877929688,949.9000244140625,957.7999877929688,170408.0
2026-05-28,PVRINOX,957.7999877929688,957.7999877929688,957.7999877929688,957.7999877929688,0.0
2026-05-29,PVRINOX,957.7999877929688,972.0,957.7999877929688,962.5999755859375,210317.0
2026-06-01,PVRINOX,962.5499877929688,987.75,960.0,981.6500244140625,206261.0
2026-06-02,PVRINOX,975.2000122070312,990.2000122070312,955.7999877929688,986.8499755859375,205460.0
2026-06-03,PVRINOX,985.2000122070312,985.7999877929688,965.0499877929688,978.9000244140625,111783.0
2026-06-04,PVRINOX,972.0,984.0499877929688,972.0,976.3499755859375,67202.0
2026-06-05,PVRINOX,976.3499755859375,999.5,969.9500122070312,973.25,199664.0
2026-05-25,STARHEALTH,522.8499755859375,531.5,518.75,525.6500244140625,1016073.0
2026-05-26,STARHEALTH,525.75,535.2000122070312,522.0,524.0499877929688,525099.0
2026-05-27,STARHEALTH,527.0,534.7000122070312,522.25,524.6500244140625,395579.0
2026-05-28,STARHEALTH,524.6500244140625,524.6500244140625,524.6500244140625,524.6500244140625,0.0
2026-05-29,STARHEALTH,523.4000244140625,534.8499755859375,519.3499755859375,527.9500122070312,988500.0
2026-06-01,STARHEALTH,525.0499877929688,539.4500122070312,520.0999755859375,532.9500122070312,872028.0
2026-06-02,STARHEALTH,532.9500122070312,538.9000244140625,519.75,533.7000122070312,740259.0
2026-06-03,STARHEALTH,533.9500122070312,539.4500122070312,525.7999877929688,530.0499877929688,381004.0
2026-06-04,STARHEALTH,522.2999877929688,534.25,522.2999877929688,526.25,222957.0
2026-06-05,STARHEALTH,526.25,537.2999877929688,524.2999877929688,526.0,355643.0
2026-05-25,HINDUNILVR,2215.0,2238.10009765625,2192.89990234375,2196.5,780722.0
2026-05-26,HINDUNILVR,2199.60009765625,2220.0,2190.0,2209.39990234375,2302703.0
2026-05-27,HINDUNILVR,2205.10009765625,2214.60009765625,2187.0,2198.39990234375,616538.0
2026-05-28,HINDUNILVR,2198.39990234375,2198.39990234375,2198.39990234375,2198.39990234375,0.0
2026-05-29,HINDUNILVR,2133.5,2207.800048828125,2118.10009765625,2153.5,17701621.0
2026-06-01,HINDUNILVR,2158.5,2167.5,2080.300048828125,2084.300048828125,1470488.0
2026-06-02,HINDUNILVR,2079.0,2097.0,2065.699951171875,2093.699951171875,2148903.0
2026-06-03,HINDUNILVR,2092.0,2099.60009765625,2072.199951171875,2090.60009765625,1544973.0
2026-06-04,HINDUNILVR,2089.0,2110.89990234375,2073.5,2079.39990234375,2142735.0
2026-06-05,HINDUNILVR,2086.699951171875,2127.5,2077.199951171875,2121.5,1822999.0
2026-05-25,MRF,128220.0,129390.0,127175.0,128655.0,6716.0
2026-05-26,MRF,129000.0,129200.0,127000.0,127160.0,5582.0
2026-05-27,MRF,127700.0,127760.0,126900.0,127040.0,2911.0
2026-05-28,MRF,127040.0,127040.0,127040.0,127040.0,0.0
2026-05-29,MRF,127040.0,127590.0,122000.0,123420.0,17159.0
2026-06-01,MRF,125275.0,125275.0,123800.0,124425.0,5787.0
2026-06-02,MRF,123805.0,125620.0,123430.0,124695.0,4336.0
2026-06-03,MRF,124950.0,125395.0,124075.0,124790.0,3216.0
2026-06-04,MRF,124800.0,125500.0,124300.0,124715.0,3345.0
2026-06-05,MRF,125950.0,125950.0,123350.0,123505.0,7169.0
2026-05-25,HINDZINC,640.0,642.4000244140625,633.2000122070312,634.5,3122036.0
2026-05-26,HINDZINC,631.9000244140625,648.4000244140625,629.6500244140625,647.4000244140625,7893675.0
2026-05-27,HINDZINC,650.0999755859375,659.8499755859375,647.4500122070312,648.8499755859375,4473837.0
2026-05-28,HINDZINC,648.8499755859375,648.8499755859375,648.8499755859375,648.8499755859375,0.0
2026-05-29,HINDZINC,652.9500122070312,656.25,630.0,632.9500122070312,4146682.0
2026-06-01,HINDZINC,635.9500122070312,639.9500122070312,624.5,626.25,2422723.0
2026-06-02,HINDZINC,630.0,631.5,616.6500244140625,625.0999755859375,4944548.0
2026-06-03,HINDZINC,622.0,628.0,607.25,610.5499877929688,3429070.0
2026-06-04,HINDZINC,609.0,613.2999877929688,601.75,603.8499755859375,2045867.0
2026-06-05,HINDZINC,605.0,605.5499877929688,564.0,566.7999877929688,10696453.0
2026-05-25,RAYMOND,557.0499877929688,569.0,548.5999755859375,558.9000244140625,858125.0
2026-05-26,RAYMOND,555.0,567.2000122070312,546.1500244140625,551.8499755859375,691273.0
2026-05-27,RAYMOND,556.0,559.2000122070312,520.9000244140625,532.0,1154486.0
2026-05-28,RAYMOND,532.0,532.0,532.0,532.0,0.0
2026-05-29,RAYMOND,533.4500122070312,548.9500122070312,521.0,540.4000244140625,932270.0
2026-06-01,RAYMOND,545.0,555.7999877929688,524.5,530.0,779611.0
2026-06-02,RAYMOND,527.2999877929688,538.2000122070312,517.2999877929688,531.9000244140625,550679.0
2026-06-03,RAYMOND,533.7000122070312,536.7000122070312,512.9000244140625,514.9500122070312,431005.0
2026-06-04,RAYMOND,510.0,534.5999755859375,510.0,521.75,544014.0
2026-06-05,RAYMOND,521.7999877929688,525.4500122070312,506.0,510.1000061035156,559109.0
2026-05-25,GLAXO,2271.1859217658875,2282.888039009851,2239.9802757819857,2243.00341796875,111490.0
2026-05-26,GLAXO,2243.0032436985393,2256.948075200004,2221.5493637514664,2225.742431640625,155905.0
2026-05-27,GLAXO,2238.0297871345056,2258.4108781992177,2226.522658260002,2239.199951171875,179567.0
2026-05-28,GLAXO,2239.199951171875,2239.199951171875,2239.199951171875,2239.199951171875,0.0
2026-05-29,GLAXO,2259.89990234375,2267.0,2194.39990234375,2210.199951171875,304042.0
2026-06-01,GLAXO,2200.0,2219.89990234375,2183.199951171875,2204.39990234375,81113.0
2026-06-02,GLAXO,2204.300048828125,2204.300048828125,2154.0,2188.800048828125,93010.0
2026-06-03,GLAXO,2190.10009765625,2198.10009765625,2165.0,2181.0,53254.0
2026-06-04,GLAXO,2170.0,2188.5,2162.39990234375,2166.60009765625,38689.0
2026-06-05,GLAXO,2167.60009765625,2185.0,2160.0,2164.10009765625,28741.0
2026-05-25,MCX,3300.0,3345.0,3240.0,3313.89990234375,2400665.0
2026-05-26,MCX,3329.0,3347.0,3290.0,3307.300048828125,1955204.0
2026-05-27,MCX,3312.0,3322.699951171875,3150.800048828125,3158.5,2992806.0
2026-05-28,MCX,3158.5,3158.5,3158.5,3158.5,0.0
2026-05-29,MCX,3169.800048828125,3177.0,2906.199951171875,2954.5,17655814.0
2026-06-01,MCX,2967.0,2987.5,2875.699951171875,2890.5,3492170.0
2026-06-02,MCX,2890.0,2905.699951171875,2823.800048828125,2878.699951171875,4613055.0
2026-06-03,MCX,2886.0,2904.199951171875,2797.5,2833.60009765625,3605952.0
2026-06-04,MCX,2837.0,2913.0,2810.10009765625,2893.5,3710305.0
2026-06-05,MCX,2910.0,2931.89990234375,2751.0,2795.0,4709089.0
2026-05-25,BHEL,412.0,420.95001220703125,409.95001220703125,419.3999938964844,11083538.0
2026-05-26,BHEL,419.5,420.3999938964844,415.25,417.75,9434405.0
2026-05-27,BHEL,417.20001220703125,424.70001220703125,416.5,422.3500061035156,10651428.0
2026-05-28,BHEL,422.3500061035156,422.3500061035156,422.3500061035156,422.3500061035156,0.0
2026-05-29,BHEL,424.04998779296875,424.8999938964844,413.04998779296875,416.75,18794737.0
2026-06-01,BHEL,417.0,417.79998779296875,403.1000061035156,404.79998779296875,9218173.0
2026-06-02,BHEL,400.0,413.0,399.29998779296875,410.75,8510633.0
2026-06-03,BHEL,410.75,412.6499938964844,397.29998779296875,406.29998779296875,10000048.0
2026-06-04,BHEL,410.3999938964844,411.0,384.5,389.20001220703125,22452304.0
2026-06-05,BHEL,390.0,400.3500061035156,382.6000061035156,386.95001220703125,17437792.0
2026-05-25,IDBI,72.94999694824219,73.56999969482422,72.8499984741211,73.04000091552734,4134677.0
2026-05-26,IDBI,72.69999694824219,73.9800033569336,72.58999633789062,72.94000244140625,3563991.0
2026-05-27,IDBI,72.94000244140625,74.45999908447266,72.55000305175781,73.48999786376953,5960584.0
2026-05-28,IDBI,73.48999786376953,73.48999786376953,73.48999786376953,73.48999786376953,0.0
2026-05-29,IDBI,74.0999984741211,76.19000244140625,73.4000015258789,73.83000183105469,13441911.0
2026-06-01,IDBI,74.0,74.33000183105469,71.81999969482422,72.06999969482422,4474223.0
2026-06-02,IDBI,72.0999984741211,73.30999755859375,71.4800033569336,73.19000244140625,3593761.0
2026-06-03,IDBI,73.4000015258789,73.80000305175781,71.69999694824219,73.41000366210938,4852952.0
2026-06-04,IDBI,73.38999938964844,73.88999938964844,72.80000305175781,72.94000244140625,3611157.0
2026-06-05,IDBI,73.4000015258789,75.23999786376953,72.5999984741211,73.08000183105469,8253817.0
2026-05-25,SUZLON,54.75,54.900001525878906,53.099998474121094,53.9900016784668,132667695.0
2026-05-26,SUZLON,53.63999938964844,55.4900016784668,53.380001068115234,54.58000183105469,173729945.0
2026-05-27,SUZLON,54.849998474121094,58.099998474121094,54.41999816894531,57.529998779296875,227745007.0
2026-05-28,SUZLON,57.529998779296875,57.529998779296875,57.529998779296875,57.529998779296875,0.0
2026-05-29,SUZLON,58.0,58.41999816894531,55.599998474121094,56.9900016784668,221481859.0
2026-06-01,SUZLON,56.810001373291016,56.900001525878906,53.5,53.93000030517578,153165238.0
2026-06-02,SUZLON,52.849998474121094,54.77000045776367,52.560001373291016,54.52000045776367,103408726.0
2026-06-03,SUZLON,54.52000045776367,55.040000915527344,53.25,54.400001525878906,90350201.0
2026-06-04,SUZLON,54.25,56.0,54.029998779296875,55.619998931884766,119119491.0
2026-06-05,SUZLON,55.79999923706055,56.119998931884766,55.099998474121094,55.310001373291016,72836939.0
2026-05-25,SCHAEFFLER,4100.0,4135.60009765625,4066.60009765625,4102.7001953125,32247.0
2026-05-26,SCHAEFFLER,4102.7001953125,4249.0,4102.7001953125,4196.10009765625,205458.0
2026-05-27,SCHAEFFLER,4210.0,4246.5,4131.2998046875,4157.7001953125,25652.0
2026-05-28,SCHAEFFLER,4157.7001953125,4157.7001953125,4157.7001953125,4157.7001953125,0.0
2026-05-29,SCHAEFFLER,4149.39990234375,4160.0,4064.0,4128.7001953125,91309.0
2026-06-01,SCHAEFFLER,4136.5,4152.0,4052.0,4079.800048828125,55761.0
2026-06-02,SCHAEFFLER,4070.300048828125,4092.10009765625,4027.0,4071.60009765625,43045.0
2026-06-03,SCHAEFFLER,4072.0,4118.2998046875,4002.0,4049.89990234375,310410.0
2026-06-04,SCHAEFFLER,4030.0,4039.89990234375,3962.5,3997.39990234375,63119.0
2026-06-05,SCHAEFFLER,4033.0,4085.0,4004.699951171875,4035.300048828125,81172.0
2026-05-25,TATACOMM,1964.0,1984.300048828125,1911.5,1936.0,824325.0
2026-05-26,TATACOMM,1935.800048828125,2049.89990234375,1888.0,2009.0999755859375,2522180.0
2026-05-27,TATACOMM,2009.0,2048.0,1924.5,1966.5999755859375,1155522.0
2026-05-28,TATACOMM,1966.5999755859375,1966.5999755859375,1966.5999755859375,1966.5999755859375,0.0
2026-05-29,TATACOMM,1970.0,1986.300048828125,1907.4000244140625,1965.0,1178387.0
2026-06-01,TATACOMM,1984.5999755859375,2025.0,1921.5999755859375,1942.5999755859375,586383.0
2026-06-02,TATACOMM,1935.5999755859375,1962.0,1895.0999755859375,1906.199951171875,496274.0
2026-06-03,TATACOMM,1906.199951171875,1960.0,1905.9000244140625,1933.699951171875,764419.0
2026-06-04,TATACOMM,1942.5,2008.800048828125,1919.0,1985.9000244140625,902558.0
2026-06-05,TATACOMM,2000.0,2029.699951171875,1960.699951171875,1972.699951171875,951148.0
2026-05-25,ONGC,289.95001220703125,289.95001220703125,284.29998779296875,284.95001220703125,12837047.0
2026-05-26,ONGC,285.1000061035156,289.6499938964844,284.0,287.5,10629491.0
2026-05-27,ONGC,284.20001220703125,284.20001220703125,272.45001220703125,274.04998779296875,29178516.0
2026-05-28,ONGC,274.04998779296875,274.04998779296875,274.04998779296875,274.04998779296875,0.0
2026-05-29,ONGC,275.95001220703125,276.04998779296875,261.54998779296875,265.3999938964844,74403401.0
2026-06-01,ONGC,266.54998779296875,268.29998779296875,263.25,264.29998779296875,9095622.0
2026-06-02,ONGC,263.1499938964844,266.20001220703125,261.04998779296875,265.04998779296875,16831714.0
2026-06-03,ONGC,265.1499938964844,268.70001220703125,264.29998779296875,267.75,14618721.0
2026-06-04,ONGC,266.70001220703125,271.1499938964844,265.8999938964844,267.54998779296875,15217360.0
2026-06-05,ONGC,267.79998779296875,268.45001220703125,263.70001220703125,264.75,7493239.0
2026-05-25,SHRIRAMFIN,956.9500122070312,970.5,956.9000244140625,961.9500122070312,6256205.0
2026-05-26,SHRIRAMFIN,961.0,965.5999755859375,948.5999755859375,952.1500244140625,4350923.0
2026-05-27,SHRIRAMFIN,947.0499877929688,968.0999755859375,946.5999755859375,963.2000122070312,3592277.0
2026-05-28,SHRIRAMFIN,963.2000122070312,963.2000122070312,963.2000122070312,963.2000122070312,0.0
2026-05-29,SHRIRAMFIN,961.0,975.5499877929688,942.9000244140625,947.1500244140625,11248568.0
2026-06-01,SHRIRAMFIN,950.0499877929688,953.8499755859375,916.4000244140625,919.0499877929688,8308513.0
2026-06-02,SHRIRAMFIN,908.5999755859375,917.9500122070312,900.2000122070312,911.7000122070312,7610958.0
2026-06-03,SHRIRAMFIN,912.6500244140625,915.9000244140625,888.9000244140625,912.9500122070312,6951317.0
2026-06-04,SHRIRAMFIN,907.9500122070312,919.9000244140625,903.0499877929688,915.7999877929688,3666582.0
2026-06-05,SHRIRAMFIN,920.0999755859375,944.9000244140625,916.1500244140625,923.2999877929688,5769377.0
2026-05-25,TATATECH,674.9500122070312,678.1500244140625,664.0999755859375,677.2999877929688,824834.0
2026-05-26,TATATECH,679.0,709.0,675.0499877929688,706.2999877929688,3060163.0
2026-05-27,TATATECH,711.0,725.6500244140625,707.0999755859375,719.75,2564736.0
2026-05-28,TATATECH,719.75,719.75,719.75,719.75,0.0
2026-05-29,TATATECH,725.0,729.0,701.0,705.2999877929688,1313910.0
2026-06-01,TATATECH,706.0499877929688,723.5499877929688,706.0499877929688,714.7999877929688,1603614.0
2026-06-02,TATATECH,711.0499877929688,742.0499877929688,708.0499877929688,737.9500122070312,2515331.0
2026-06-03,TATATECH,741.0,741.0,705.7999877929688,731.0499877929688,1460058.0
2026-06-04,TATATECH,727.7000122070312,751.6500244140625,720.0,748.3499755859375,1787739.0
2026-06-05,TATATECH,750.6500244140625,776.0,750.0,771.2000122070312,3001493.0
2026-05-25,SBINEQWETF,32.849998474121094,33.970001220703125,32.849998474121094,33.209999084472656,74429.0
2026-05-26,SBINEQWETF,33.34000015258789,33.349998474121094,32.959999084472656,33.189998626708984,25917.0
2026-05-27,SBINEQWETF,33.25,33.38999938964844,33.08000183105469,33.130001068115234,35749.0
2026-05-28,SBINEQWETF,33.130001068115234,33.130001068115234,33.130001068115234,33.130001068115234,0.0
2026-05-29,SBINEQWETF,33.38999938964844,33.459999084472656,32.630001068115234,32.79999923706055,81192.0
2026-06-01,SBINEQWETF,33.349998474121094,33.970001220703125,32.41999816894531,32.529998779296875,27402.0
2026-06-02,SBINEQWETF,32.529998779296875,33.04999923706055,32.29999923706055,32.66999816894531,23923.0
2026-06-03,SBINEQWETF,32.83000183105469,32.83000183105469,32.18000030517578,32.540000915527344,220345.0
2026-06-04,SBINEQWETF,32.70000076293945,32.75,32.400001525878906,32.5099983215332,73017.0
2026-06-05,SBINEQWETF,32.5099983215332,32.790000915527344,32.33000183105469,32.5099983215332,272780.0
2026-05-25,BPCL,305.0,309.0,304.04998779296875,308.25,14530864.0
2026-05-26,BPCL,308.25,308.29998779296875,302.1000061035156,304.6000061035156,8611871.0
2026-05-27,BPCL,305.5,308.45001220703125,302.1499938964844,307.1499938964844,5948761.0
2026-05-28,BPCL,307.1499938964844,307.1499938964844,307.1499938964844,307.1499938964844,0.0
2026-05-29,BPCL,310.6000061035156,312.0,290.0,298.1000061035156,26387806.0
2026-06-01,BPCL,298.75,300.3500061035156,295.6499938964844,296.8500061035156,7741307.0
2026-06-02,BPCL,294.0,297.45001220703125,291.0,294.3999938964844,8495475.0
2026-06-03,BPCL,294.0,294.25,290.1499938964844,292.1000061035156,6711789.0
2026-06-04,BPCL,290.1000061035156,296.20001220703125,290.1000061035156,295.1499938964844,8514225.0
2026-06-05,BPCL,295.0,295.8999938964844,291.75,295.0,5528678.0
2026-05-25,PHOENIXLTD,1798.0,1816.300048828125,1782.9000244140625,1809.5999755859375,262431.0
2026-05-26,PHOENIXLTD,1809.5999755859375,1819.300048828125,1774.4000244140625,1785.4000244140625,270852.0
2026-05-27,PHOENIXLTD,1784.800048828125,1797.5,1763.5999755859375,1771.800048828125,399545.0
2026-05-28,PHOENIXLTD,1771.800048828125,1771.800048828125,1771.800048828125,1771.800048828125,0.0
2026-05-29,PHOENIXLTD,1761.0,1792.4000244140625,1740.0,1771.199951171875,1303824.0
2026-06-01,PHOENIXLTD,1773.199951171875,1779.800048828125,1736.5,1747.800048828125,819867.0
2026-06-02,PHOENIXLTD,1719.4000244140625,1750.5999755859375,1699.300048828125,1706.800048828125,716902.0
2026-06-03,PHOENIXLTD,1699.9000244140625,1721.5,1675.0,1710.4000244140625,280481.0
2026-06-04,PHOENIXLTD,1710.4000244140625,1747.800048828125,1684.699951171875,1729.199951171875,386686.0
2026-06-05,PHOENIXLTD,1720.0,1786.0,1720.0,1751.0999755859375,471808.0
2026-05-25,EMAMILTD,404.0,409.0,402.1000061035156,404.04998779296875,265338.0
2026-05-26,EMAMILTD,405.8500061035156,407.45001220703125,401.29998779296875,403.8999938964844,253887.0
2026-05-27,EMAMILTD,404.0,405.0,400.1000061035156,400.45001220703125,222476.0
2026-05-28,EMAMILTD,400.45001220703125,400.45001220703125,400.45001220703125,400.45001220703125,0.0
2026-05-29,EMAMILTD,400.5,404.0,393.29998779296875,399.1000061035156,1065444.0
2026-06-01,EMAMILTD,400.0,400.79998779296875,392.0,397.6000061035156,423618.0
2026-06-02,EMAMILTD,397.8999938964844,398.95001220703125,390.0,391.70001220703125,376299.0
2026-06-03,EMAMILTD,392.6499938964844,393.5,379.70001220703125,390.75,694806.0
2026-06-04,EMAMILTD,387.0,392.95001220703125,386.04998779296875,390.70001220703125,201540.0
2026-06-05,EMAMILTD,391.45001220703125,391.8999938964844,383.04998779296875,384.79998779296875,424482.0
2026-05-25,KPITTECH,753.9500122070312,772.6500244140625,753.9500122070312,756.5999755859375,1495776.0
2026-05-26,KPITTECH,756.4000244140625,797.5,753.9500122070312,784.7000122070312,2237901.0
2026-05-27,KPITTECH,783.5,795.0,766.25,771.7999877929688,1268829.0
2026-05-28,KPITTECH,771.7999877929688,771.7999877929688,771.7999877929688,771.7999877929688,0.0
2026-05-29,KPITTECH,778.0,793.9500122070312,764.3499755859375,771.9500122070312,1432401.0
2026-06-01,KPITTECH,776.0499877929688,805.8499755859375,776.0499877929688,786.0999755859375,2194206.0
2026-06-02,KPITTECH,789.0499877929688,826.0,783.0,809.25,3897702.0
2026-06-03,KPITTECH,800.7999877929688,800.7999877929688,770.5999755859375,774.25,2235273.0
2026-06-04,KPITTECH,770.0,779.4500122070312,758.0,773.0,758769.0
2026-06-05,KPITTECH,780.0499877929688,784.2999877929688,767.25,777.7999877929688,848126.0
2026-05-25,SBICARD,624.4000244140625,631.7999877929688,623.2000122070312,630.2999877929688,517158.0
2026-05-26,SBICARD,630.0,638.7000122070312,625.25,628.7000122070312,1318962.0
2026-05-27,SBICARD,628.25,632.5,622.25,625.25,476005.0
2026-05-28,SBICARD,625.25,625.25,625.25,625.25,0.0
2026-05-29,SBICARD,626.7999877929688,632.2000122070312,617.1500244140625,624.4000244140625,4745064.0
2026-06-01,SBICARD,624.7999877929688,624.7999877929688,607.7999877929688,615.9500122070312,1725343.0
2026-06-02,SBICARD,608.0,612.4000244140625,596.4500122070312,605.5,1920387.0
2026-06-03,SBICARD,608.0,608.0,594.4500122070312,596.5499877929688,1151872.0
2026-06-04,SBICARD,589.5999755859375,593.7999877929688,587.2000122070312,589.5,1351141.0
2026-06-05,SBICARD,591.0999755859375,597.0499877929688,588.0,589.5999755859375,849540.0
2026-05-25,CGPOWER,874.9000244140625,884.4000244140625,864.7999877929688,867.9000244140625,2222363.0
2026-05-26,CGPOWER,867.9000244140625,890.0,864.2000122070312,879.1500244140625,2788855.0
2026-05-27,CGPOWER,882.5499877929688,938.0,882.0,934.7999877929688,9258467.0
2026-05-28,CGPOWER,934.7999877929688,934.7999877929688,934.7999877929688,934.7999877929688,0.0
2026-05-29,CGPOWER,938.9000244140625,944.0999755859375,910.9500122070312,917.4500122070312,9449904.0
2026-06-01,CGPOWER,928.9500122070312,928.9500122070312,891.2999877929688,894.3499755859375,3148459.0
2026-06-02,CGPOWER,895.0499877929688,910.5499877929688,883.0499877929688,907.7000122070312,4931769.0
2026-06-03,CGPOWER,912.9500122070312,914.5999755859375,890.4500122070312,906.6500244140625,3685445.0
2026-06-04,CGPOWER,915.0,951.0,906.75,937.9000244140625,8471887.0
2026-06-05,CGPOWER,948.8499755859375,952.0,928.5999755859375,937.8499755859375,4645742.0
2026-05-25,IDFCFIRSTB,69.5999984741211,69.94999694824219,69.04000091552734,69.45999908447266,26724761.0
2026-05-26,IDFCFIRSTB,69.25,70.33000183105469,69.23999786376953,70.22000122070312,19387715.0
2026-05-27,IDFCFIRSTB,70.22000122070312,72.3499984741211,70.0999984741211,71.4800033569336,16565002.0
2026-05-28,IDFCFIRSTB,71.4800033569336,71.4800033569336,71.4800033569336,71.4800033569336,0.0
2026-05-29,IDFCFIRSTB,71.80999755859375,73.08000183105469,70.51000213623047,71.31999969482422,116119106.0
2026-06-01,IDFCFIRSTB,71.30000305175781,71.80999755859375,70.51000213623047,71.25,14291113.0
2026-06-02,IDFCFIRSTB,70.69999694824219,71.7300033569336,69.52999877929688,71.58999633789062,37493683.0
2026-06-03,IDFCFIRSTB,71.3499984741211,72.06999969482422,69.76000213623047,71.77999877929688,23974665.0
2026-06-04,IDFCFIRSTB,71.20999908447266,72.7699966430664,71.0,72.16000366210938,19743553.0
2026-06-05,IDFCFIRSTB,72.16000366210938,72.9000015258789,71.81999969482422,72.3499984741211,28670926.0
2026-05-25,ZYDUSLIFE,1049.800048828125,1075.0,1041.5,1072.949951171875,2355182.0
2026-05-26,ZYDUSLIFE,1074.0,1083.25,1066.3499755859375,1079.050048828125,1948614.0
2026-05-27,ZYDUSLIFE,1078.5999755859375,1088.9000244140625,1074.25,1085.800048828125,2116567.0
2026-05-28,ZYDUSLIFE,1085.800048828125,1085.800048828125,1085.800048828125,1085.800048828125,0.0
2026-05-29,ZYDUSLIFE,1096.449951171875,1115.5,1071.199951171875,1077.699951171875,4588161.0
2026-06-01,ZYDUSLIFE,1081.0,1108.9000244140625,1071.800048828125,1091.199951171875,2045714.0
2026-06-02,ZYDUSLIFE,1082.0,1091.0999755859375,1061.0999755859375,1078.300048828125,1928305.0
2026-06-03,ZYDUSLIFE,1078.0999755859375,1081.0999755859375,1048.9000244140625,1076.5999755859375,1403453.0
2026-06-04,ZYDUSLIFE,1070.0,1098.0,1063.0999755859375,1084.5999755859375,1016000.0
2026-06-05,ZYDUSLIFE,1085.0999755859375,1097.0,1082.199951171875,1089.0,919205.0
2026-05-25,HINDPETRO,403.0,412.54998779296875,402.20001220703125,403.3500061035156,10214359.0
2026-05-26,HINDPETRO,403.20001220703125,403.29998779296875,396.70001220703125,398.0,4241199.0
2026-05-27,HINDPETRO,398.0,404.20001220703125,393.20001220703125,402.8999938964844,8615664.0
2026-05-28,HINDPETRO,402.8999938964844,402.8999938964844,402.8999938964844,402.8999938964844,0.0
2026-05-29,HINDPETRO,407.0,409.0,390.0,393.8500061035156,12624474.0
2026-06-01,HINDPETRO,394.04998779296875,396.04998779296875,384.45001220703125,388.6000061035156,4888011.0
2026-06-02,HINDPETRO,384.8500061035156,391.04998779296875,383.0,383.75,4707348.0
2026-06-03,HINDPETRO,378.8999938964844,386.3999938964844,378.6499938964844,384.1000061035156,4660225.0
2026-06-04,HINDPETRO,382.79998779296875,390.8999938964844,382.3500061035156,387.0,4806376.0
2026-06-05,HINDPETRO,387.0,389.79998779296875,383.75,385.04998779296875,3003625.0
2026-05-25,BAJAJHLDNG,10650.0,10741.0,10535.0,10642.0,33285.0
2026-05-26,BAJAJHLDNG,10681.0,10931.0,10601.0,10705.0,47093.0
2026-05-27,BAJAJHLDNG,10705.0,10710.0,10500.0,10556.0,30861.0
2026-05-28,BAJAJHLDNG,10556.0,10556.0,10556.0,10556.0,0.0
2026-05-29,BAJAJHLDNG,10570.0,10620.0,10270.0,10361.0,103855.0
2026-06-01,BAJAJHLDNG,10450.0,10547.0,10200.0,10270.0,66761.0
2026-06-02,BAJAJHLDNG,10295.0,10318.0,10073.0,10240.0,31461.0
2026-06-03,BAJAJHLDNG,10200.0,10265.0,10060.0,10190.0,25913.0
2026-06-04,BAJAJHLDNG,10149.0,10278.0,10081.0,10127.0,24423.0
2026-06-05,BAJAJHLDNG,10189.0,10355.0,10131.0,10199.0,68806.0
2026-05-25,TATAINVEST,670.0499877929688,687.5,670.0499877929688,678.7000122070312,377106.0
2026-05-26,TATAINVEST,678.7000122070312,715.0,678.0,694.5999755859375,1799492.0
2026-05-27,TATAINVEST,692.0,692.5,681.2999877929688,682.8499755859375,291541.0
2026-05-28,TATAINVEST,682.8499755859375,682.8499755859375,682.8499755859375,682.8499755859375,0.0
2026-05-29,TATAINVEST,689.7999877929688,694.75,679.0,690.1500244140625,506368.0
2026-06-01,TATAINVEST,691.4500122070312,694.5499877929688,663.0,671.7000122070312,259082.0
2026-06-02,TATAINVEST,668.0,674.0,661.9000244140625,670.5499877929688,256622.0
2026-06-03,TATAINVEST,670.5499877929688,673.8499755859375,656.2000122070312,665.2000122070312,238063.0
2026-06-04,TATAINVEST,663.2999877929688,676.7999877929688,661.5,666.6500244140625,229165.0
2026-06-05,TATAINVEST,667.2000122070312,677.9000244140625,665.2000122070312,669.7000122070312,208835.0
2026-05-25,VOLTAS,1281.0,1295.0,1276.300048828125,1284.0,1052123.0
2026-05-26,VOLTAS,1285.0999755859375,1288.9000244140625,1263.5999755859375,1271.4000244140625,592885.0
2026-05-27,VOLTAS,1272.0,1284.9000244140625,1248.5999755859375,1261.800048828125,849420.0
2026-05-28,VOLTAS,1261.800048828125,1261.800048828125,1261.800048828125,1261.800048828125,0.0
2026-05-29,VOLTAS,1262.0,1300.0,1232.199951171875,1245.699951171875,2960575.0
2026-06-01,VOLTAS,1255.0,1257.0999755859375,1224.0,1228.4000244140625,766252.0
2026-06-02,VOLTAS,1220.0,1244.300048828125,1204.0,1240.4000244140625,1010910.0
2026-06-03,VOLTAS,1239.800048828125,1241.4000244140625,1207.5999755859375,1235.0,562073.0
2026-06-04,VOLTAS,1224.0,1307.9000244140625,1218.0,1286.5,3317048.0
2026-06-05,VOLTAS,1290.699951171875,1310.0,1288.300048828125,1298.300048828125,1415362.0
2026-05-25,SONACOMS,599.0,603.5499877929688,592.7000122070312,594.6500244140625,711240.0
2026-05-26,SONACOMS,590.5999755859375,609.5999755859375,590.0999755859375,608.0,1904541.0
2026-05-27,SONACOMS,612.0,621.7999877929688,601.25,618.7000122070312,1907699.0
2026-05-28,SONACOMS,618.7000122070312,618.7000122070312,618.7000122070312,618.7000122070312,0.0
2026-05-29,SONACOMS,620.0,620.0,605.0,607.4500122070312,1914358.0
2026-06-01,SONACOMS,608.7999877929688,611.5499877929688,595.0,600.2000122070312,1573058.0
2026-06-02,SONACOMS,594.0,614.25,590.7999877929688,611.3499755859375,1611420.0
2026-06-03,SONACOMS,615.0,615.1500244140625,599.5499877929688,603.4500122070312,1008198.0
2026-06-04,SONACOMS,597.4500122070312,612.3499755859375,597.4500122070312,601.1500244140625,1684599.0
2026-06-05,SONACOMS,605.0499877929688,609.4000244140625,599.0,602.2999877929688,1525449.0
2026-05-25,MAXHEALTH,1020.0499877929688,1029.449951171875,994.0,1000.8499755859375,3847234.0
2026-05-26,MAXHEALTH,1000.9000244140625,1000.9000244140625,987.1500244140625,993.9500122070312,2515276.0
2026-05-27,MAXHEALTH,995.0,1000.0,979.7999877929688,993.4500122070312,2621505.0
2026-05-28,MAXHEALTH,993.4500122070312,993.4500122070312,993.4500122070312,993.4500122070312,0.0
2026-05-29,MAXHEALTH,1002.9500122070312,1002.9500122070312,955.0,965.0999755859375,15388949.0
2026-06-01,MAXHEALTH,970.0,972.0,936.2000122070312,938.4500122070312,3841704.0
2026-06-02,MAXHEALTH,925.5999755859375,953.7000122070312,919.7999877929688,948.7000122070312,3784019.0
2026-06-03,MAXHEALTH,941.2000122070312,967.75,935.8499755859375,965.5499877929688,2609191.0
2026-06-04,MAXHEALTH,965.0,969.2999877929688,953.0999755859375,966.2000122070312,1513891.0
2026-06-05,MAXHEALTH,977.0999755859375,978.9500122070312,962.8499755859375,977.25,1317243.0
2026-05-25,BAJAJFINSV,1785.0,1811.800048828125,1783.0,1807.4000244140625,456676.0
2026-05-26,BAJAJFINSV,1807.4000244140625,1812.800048828125,1796.199951171875,1800.699951171875,811184.0
2026-05-27,BAJAJFINSV,1806.0,1815.5,1794.5,1809.0999755859375,339636.0
2026-05-28,BAJAJFINSV,1809.0999755859375,1809.0999755859375,1809.0999755859375,1809.0999755859375,0.0
2026-05-29,BAJAJFINSV,1801.0,1817.5999755859375,1776.9000244140625,1783.5999755859375,1445842.0
2026-06-01,BAJAJFINSV,1794.9000244140625,1805.699951171875,1756.0,1758.9000244140625,399937.0
2026-06-02,BAJAJFINSV,1748.0999755859375,1755.0,1714.0999755859375,1741.4000244140625,1004282.0
2026-06-03,BAJAJFINSV,1739.0,1741.9000244140625,1708.0999755859375,1734.4000244140625,561611.0
2026-06-04,BAJAJFINSV,1733.0,1734.199951171875,1705.5,1709.800048828125,767631.0
2026-06-05,BAJAJFINSV,1720.0,1740.5,1698.0,1703.199951171875,1414054.0
2026-05-25,DABUR,453.3999938964844,455.75,446.25,447.20001220703125,879387.0
2026-05-26,DABUR,447.20001220703125,449.1000061035156,445.20001220703125,447.6000061035156,1154362.0
2026-05-27,DABUR,440.75,447.0,440.29998779296875,445.45001220703125,1295057.0
2026-05-28,DABUR,445.45001220703125,445.45001220703125,445.45001220703125,445.45001220703125,0.0
2026-05-29,DABUR,445.45001220703125,455.0,440.1000061035156,443.3999938964844,13072946.0
2026-06-01,DABUR,441.0,442.0,423.5,424.6000061035156,3233902.0
2026-06-02,DABUR,421.54998779296875,426.8500061035156,419.70001220703125,425.5,2753289.0
2026-06-03,DABUR,424.79998779296875,424.79998779296875,416.0,417.8500061035156,3353591.0
2026-06-04,DABUR,417.5,428.95001220703125,414.6000061035156,424.6499938964844,2919945.0
2026-06-05,DABUR,425.20001220703125,426.95001220703125,420.6000061035156,424.1499938964844,1864100.0
2026-05-25,JSWINFRA,279.45001220703125,281.75,276.54998779296875,277.6499938964844,1574575.0
2026-05-26,JSWINFRA,276.04998779296875,281.6499938964844,276.04998779296875,278.95001220703125,1183358.0
2026-05-27,JSWINFRA,278.95001220703125,284.75,278.3999938964844,279.54998779296875,1587232.0
2026-05-28,JSWINFRA,279.54998779296875,279.54998779296875,279.54998779296875,279.54998779296875,0.0
2026-05-29,JSWINFRA,280.0,284.0,272.1000061035156,275.29998779296875,2487702.0
2026-06-01,JSWINFRA,275.8999938964844,276.95001220703125,270.8999938964844,273.8999938964844,1088906.0
2026-06-02,JSWINFRA,270.29998779296875,276.6499938964844,268.54998779296875,275.70001220703125,950946.0
2026-06-03,JSWINFRA,275.0,276.0,268.04998779296875,270.29998779296875,1177489.0
2026-06-04,JSWINFRA,270.0,275.0,266.54998779296875,272.79998779296875,800317.0
2026-06-05,JSWINFRA,274.0,281.8500061035156,272.8999938964844,278.1000061035156,1926891.0
2026-05-25,GAIL,162.9199981689453,170.6999969482422,162.6999969482422,168.6699981689453,36426464.0
2026-05-26,GAIL,167.8000030517578,169.82000732421875,166.3000030517578,167.6300048828125,16425185.0
2026-05-27,GAIL,167.2100067138672,169.64999389648438,167.2100067138672,169.0,5523561.0
2026-05-28,GAIL,169.0,169.0,169.0,169.0,0.0
2026-05-29,GAIL,170.0,170.0,163.39999389648438,164.50999450683594,26119462.0
2026-06-01,GAIL,164.50999450683594,166.0800018310547,163.24000549316406,163.74000549316406,7915622.0
2026-06-02,GAIL,162.99000549316406,165.47000122070312,161.17999267578125,164.8300018310547,9458223.0
2026-06-03,GAIL,164.0,164.82000732421875,162.72000122070312,163.86000061035156,4684045.0
2026-06-04,GAIL,161.5399932861328,168.14999389648438,161.5399932861328,167.5500030517578,11510123.0
2026-06-05,GAIL,168.0,170.1300048828125,166.60000610351562,167.39999389648438,8047086.0
2026-05-25,PAGEIND,39340.3384138061,39982.81260742314,38299.430611744385,38394.05859375,32772.0
2026-05-26,PAGEIND,38448.8447983292,38543.472784231824,37945.822346952096,38155.0,12995.0
2026-05-27,PAGEIND,38190.0,38410.0,37930.0,38145.0,14501.0
2026-05-28,PAGEIND,38145.0,38145.0,38145.0,38145.0,0.0
2026-05-29,PAGEIND,38010.0,38680.0,37630.0,38195.0,84377.0
2026-06-01,PAGEIND,38100.0,38800.0,37040.0,37225.0,31720.0
2026-06-02,PAGEIND,37025.0,37465.0,36585.0,37365.0,27490.0
2026-06-03,PAGEIND,37220.0,37820.0,37140.0,37565.0,10391.0
2026-06-04,PAGEIND,37310.0,38945.0,37255.0,38835.0,39453.0
2026-06-05,PAGEIND,38945.0,39090.0,38180.0,38345.0,18046.0
2026-05-25,AJANTPHARM,3119.800048828125,3137.300048828125,3070.0,3081.5,48670.0
2026-05-26,AJANTPHARM,3081.5,3123.89990234375,3075.699951171875,3097.10009765625,84040.0
2026-05-27,AJANTPHARM,3100.10009765625,3120.0,3010.0,3020.800048828125,154397.0
2026-05-28,AJANTPHARM,3020.800048828125,3020.800048828125,3020.800048828125,3020.800048828125,0.0
2026-05-29,AJANTPHARM,3038.89990234375,3060.39990234375,2850.0,2928.89990234375,227318.0
2026-06-01,AJANTPHARM,2936.300048828125,3028.89990234375,2870.699951171875,2931.0,223280.0
2026-06-02,AJANTPHARM,2900.0,2942.0,2865.0,2912.199951171875,78363.0
2026-06-03,AJANTPHARM,2935.89990234375,2945.5,2851.5,2929.199951171875,188221.0
2026-06-04,AJANTPHARM,2929.199951171875,2973.5,2885.0,2947.699951171875,67356.0
2026-06-05,AJANTPHARM,2981.10009765625,3025.10009765625,2900.0,2976.5,108169.0
2026-05-25,HAL,4391.2001953125,4437.89990234375,4385.39990234375,4425.89990234375,1063255.0
2026-05-26,HAL,4424.89990234375,4449.2998046875,4393.7001953125,4427.7001953125,983680.0
2026-05-27,HAL,4430.0,4474.0,4404.2001953125,4413.0,502395.0
2026-05-28,HAL,4413.0,4413.0,4413.0,4413.0,0.0
2026-05-29,HAL,4409.7998046875,4418.0,4255.2998046875,4303.7998046875,4597399.0
2026-06-01,HAL,4303.7998046875,4340.0,4233.2001953125,4254.10009765625,707271.0
2026-06-02,HAL,4210.0,4300.0,4177.0,4278.5,1251023.0
2026-06-03,HAL,4295.5,4296.7998046875,4209.60009765625,4264.10009765625,1122282.0
2026-06-04,HAL,4260.0,4297.0,4176.10009765625,4191.0,718095.0
2026-06-05,HAL,4219.0,4262.5,4205.2998046875,4216.89990234375,492608.0
2026-05-25,NLCINDIA,348.1000061035156,352.79998779296875,339.54998779296875,341.8500061035156,2805412.0
2026-05-26,NLCINDIA,345.29998779296875,356.5,341.6000061035156,343.3999938964844,7630234.0
2026-05-27,NLCINDIA,346.0,355.5,345.1000061035156,349.8999938964844,5932444.0
2026-05-28,NLCINDIA,349.8999938964844,349.8999938964844,349.8999938964844,349.8999938964844,0.0
2026-05-29,NLCINDIA,353.0,362.0,342.20001220703125,347.54998779296875,10148326.0
2026-06-01,NLCINDIA,350.6000061035156,352.79998779296875,333.5,336.3500061035156,5045074.0
2026-06-02,NLCINDIA,334.75,351.0,332.6499938964844,349.1000061035156,6987173.0
2026-06-03,NLCINDIA,349.5,352.8500061035156,338.6499938964844,346.0,3487960.0
2026-06-04,NLCINDIA,343.70001220703125,345.75,337.6000061035156,338.6000061035156,2832700.0
2026-06-05,NLCINDIA,340.5,347.8999938964844,333.3500061035156,336.6000061035156,3367303.0
2026-05-25,OIL,492.5,493.8999938964844,481.0,482.54998779296875,3887162.0
2026-05-26,OIL,484.8999938964844,496.45001220703125,483.20001220703125,492.1000061035156,3000663.0
2026-05-27,OIL,491.29998779296875,491.29998779296875,484.5,488.0,1177761.0
2026-05-28,OIL,488.0,488.0,488.0,488.0,0.0
2026-05-29,OIL,487.54998779296875,487.6499938964844,472.29998779296875,476.1499938964844,9869236.0
2026-06-01,OIL,479.75,484.95001220703125,476.25,482.75,2081113.0
2026-06-02,OIL,482.0,489.5,476.8999938964844,484.1000061035156,3518603.0
2026-06-03,OIL,487.3500061035156,495.3999938964844,485.79998779296875,490.95001220703125,3895881.0
2026-06-04,OIL,489.04998779296875,492.8999938964844,487.5,488.8999938964844,1691179.0
2026-06-05,OIL,491.79998779296875,494.95001220703125,482.0,483.3500061035156,2550336.0
2026-05-25,TATAGOLD,14.920000076293945,15.449999809265137,14.920000076293945,15.3100004196167,44586646.0
2026-05-26,TATAGOLD,15.380000114440918,15.399999618530273,15.199999809265137,15.210000038146973,45803294.0
2026-05-27,TATAGOLD,15.289999961853027,15.289999961853027,15.09000015258789,15.140000343322754,45653341.0
2026-05-28,TATAGOLD,15.140000343322754,15.140000343322754,15.140000343322754,15.140000343322754,0.0
2026-05-29,TATAGOLD,15.140000343322754,15.510000228881836,14.760000228881836,15.09000015258789,46917363.0
2026-06-01,TATAGOLD,14.979999542236328,15.09000015258789,14.930000305175781,14.949999809265137,51916597.0
2026-06-02,TATAGOLD,14.989999771118164,15.119999885559082,14.880000114440918,15.09000015258789,44278903.0
2026-06-03,TATAGOLD,15.199999809265137,15.199999809265137,14.949999809265137,14.979999542236328,51680110.0
2026-06-04,TATAGOLD,15.140000343322754,15.140000343322754,14.970000267028809,15.069999694824219,38984244.0
2026-06-05,TATAGOLD,15.4399995803833,15.4399995803833,14.930000305175781,15.0,42858552.0
2026-05-25,ADANIENT,2739.800048828125,2858.800048828125,2739.300048828125,2849.699951171875,3277924.0
2026-05-26,ADANIENT,2846.0,2979.39990234375,2825.0,2969.300048828125,4899494.0
2026-05-27,ADANIENT,2982.0,3027.5,2944.0,2973.10009765625,3826916.0
2026-05-28,ADANIENT,2973.10009765625,2973.10009765625,2973.10009765625,2973.10009765625,0.0
2026-05-29,ADANIENT,2987.800048828125,2995.0,2926.800048828125,2937.39990234375,4040865.0
2026-06-01,ADANIENT,2949.89990234375,2955.699951171875,2891.10009765625,2909.39990234375,1629342.0
2026-06-02,ADANIENT,2885.0,2975.0,2865.199951171875,2968.10009765625,2066890.0
2026-06-03,ADANIENT,2960.0,2965.0,2888.10009765625,2925.60009765625,1346112.0
2026-06-04,ADANIENT,2920.0,2983.0,2918.10009765625,2972.800048828125,1722991.0
2026-06-05,ADANIENT,2992.0,3059.800048828125,2921.800048828125,3048.199951171875,5617327.0
2026-05-25,INDUSTOWER,435.0,442.0,430.04998779296875,438.8500061035156,4332999.0
2026-05-26,INDUSTOWER,441.3999938964844,443.04998779296875,430.54998779296875,433.25,10396696.0
2026-05-27,INDUSTOWER,433.8500061035156,439.79998779296875,432.5,436.25,4909748.0
2026-05-28,INDUSTOWER,436.25,436.25,436.25,436.25,0.0
2026-05-29,INDUSTOWER,438.0,449.3999938964844,432.1000061035156,442.04998779296875,14310382.0
2026-06-01,INDUSTOWER,443.70001220703125,446.3999938964844,429.45001220703125,431.45001220703125,9802918.0
2026-06-02,INDUSTOWER,429.20001220703125,431.70001220703125,424.45001220703125,429.1499938964844,10580065.0
2026-06-03,INDUSTOWER,429.25,433.6000061035156,424.8999938964844,429.20001220703125,3891924.0
2026-06-04,INDUSTOWER,427.95001220703125,433.75,425.1000061035156,430.45001220703125,5657168.0
2026-06-05,INDUSTOWER,430.0,437.0,428.8500061035156,429.6499938964844,4806525.0
2026-05-25,SYNGENE,467.0,472.0,458.45001220703125,462.3999938964844,878441.0
2026-05-26,SYNGENE,463.0,472.75,463.0,465.25,383489.0
2026-05-27,SYNGENE,467.8999938964844,467.8999938964844,459.0,460.3999938964844,1278726.0
2026-05-28,SYNGENE,460.3999938964844,460.3999938964844,460.3999938964844,460.3999938964844,0.0
2026-05-29,SYNGENE,460.3999938964844,464.1499938964844,436.04998779296875,442.0,942298.0
2026-06-01,SYNGENE,443.0,451.3500061035156,439.3500061035156,448.0,642087.0
2026-06-02,SYNGENE,444.04998779296875,447.54998779296875,435.8500061035156,440.8500061035156,518108.0
2026-06-03,SYNGENE,444.0,444.0,432.1499938964844,438.1000061035156,319473.0
2026-06-04,SYNGENE,435.1000061035156,442.29998779296875,434.0,435.54998779296875,239834.0
2026-06-05,SYNGENE,436.95001220703125,442.70001220703125,433.0,434.25,289147.0
2026-05-25,TATACHEM,755.5499877929688,788.0,750.7999877929688,765.9500122070312,1726265.0
2026-05-26,TATACHEM,769.9500122070312,819.0,764.5499877929688,783.9000244140625,2645794.0
2026-05-27,TATACHEM,782.0,787.25,773.0,774.5499877929688,382711.0
2026-05-28,TATACHEM,774.5499877929688,774.5499877929688,774.5499877929688,774.5499877929688,0.0
2026-05-29,TATACHEM,771.2999877929688,775.2999877929688,755.0,758.0,447541.0
2026-06-01,TATACHEM,758.0,764.8499755859375,731.5,734.0,433800.0
2026-06-02,TATACHEM,733.6500244140625,740.0999755859375,727.0,738.0999755859375,354589.0
2026-06-03,TATACHEM,738.0999755859375,740.0,715.0,719.75,461010.0
2026-06-04,TATACHEM,719.0499877929688,727.7999877929688,716.2999877929688,720.5,262176.0
2026-06-05,TATACHEM,725.0,728.75,709.2000122070312,719.2999877929688,439098.0
2026-05-25,RVNL,274.1499938964844,275.8500061035156,272.0,272.45001220703125,7242974.0
2026-05-26,RVNL,263.95001220703125,266.8999938964844,259.0,259.75,21022452.0
2026-05-27,RVNL,259.75,259.75,251.3000030517578,252.3000030517578,14271574.0
2026-05-28,RVNL,252.3000030517578,252.3000030517578,252.3000030517578,252.3000030517578,0.0
2026-05-29,RVNL,251.8000030517578,255.1999969482422,243.0,245.4499969482422,62620879.0
2026-06-01,RVNL,248.10000610351562,249.80999755859375,240.8000030517578,241.55999755859375,9432010.0
2026-06-02,RVNL,240.0,241.75,232.72999572753906,240.75,15130810.0
2026-06-03,RVNL,241.39999389648438,241.52000427246094,233.0500030517578,239.02000427246094,13120281.0
2026-06-04,RVNL,237.0,240.6699981689453,235.85000610351562,236.4600067138672,12057009.0
2026-06-05,RVNL,237.02000427246094,238.61000061035156,233.8000030517578,235.61000061035156,11139995.0
2026-05-25,BDL,1321.0,1331.699951171875,1309.0,1326.0999755859375,670808.0
2026-05-26,BDL,1326.0999755859375,1348.0,1323.199951171875,1329.9000244140625,701058.0
2026-05-27,BDL,1329.9000244140625,1341.699951171875,1275.199951171875,1282.199951171875,1387167.0
2026-05-28,BDL,1282.199951171875,1282.199951171875,1282.199951171875,1282.199951171875,0.0
2026-05-29,BDL,1207.0,1230.0,1175.4000244140625,1204.5999755859375,7665885.0
2026-06-01,BDL,1212.199951171875,1214.5,1177.0,1204.0,2216350.0
2026-06-02,BDL,1192.0,1213.800048828125,1182.5,1206.0999755859375,1140918.0
2026-06-03,BDL,1204.0,1230.0,1181.300048828125,1227.0,1438421.0
2026-06-04,BDL,1219.699951171875,1243.699951171875,1210.0,1212.800048828125,1629614.0
2026-06-05,BDL,1213.0,1233.199951171875,1200.0,1207.4000244140625,1506663.0
2026-05-25,PREMIER,2.869999885559082,3.0399999618530273,2.869999885559082,2.950000047683716,6031.0
2026-05-26,PREMIER,2.9600000381469727,3.0399999618530273,2.950000047683716,2.9800000190734863,6291.0
2026-05-27,PREMIER,2.990000009536743,3.049999952316284,2.9700000286102295,3.049999952316284,13701.0
2026-05-28,PREMIER,3.049999952316284,3.049999952316284,3.049999952316284,3.049999952316284,0.0
2026-05-29,PREMIER,3.0899999141693115,3.1500000953674316,2.9000000953674316,3.0,26866.0
2026-06-01,PREMIER,3.069999933242798,3.140000104904175,2.9200000762939453,3.0,6562.0
2026-06-02,PREMIER,3.009999990463257,3.049999952316284,2.880000114440918,2.930000066757202,6776.0
2026-06-03,PREMIER,2.940000057220459,2.940000057220459,2.880000114440918,2.9100000858306885,9502.0
2026-06-04,PREMIER,2.9200000762939453,2.9200000762939453,2.890000104904175,2.9000000953674316,8928.0
2026-06-05,PREMIER,2.9000000953674316,3.0399999618530273,2.880000114440918,3.0399999618530273,421.0
2026-05-25,PETRONET,275.0,284.25,275.0,282.25,1717013.0
2026-05-26,PETRONET,280.8999938964844,282.0,277.1499938964844,280.20001220703125,1669492.0
2026-05-27,PETRONET,280.1499938964844,280.79998779296875,275.79998779296875,278.79998779296875,1198057.0
2026-05-28,PETRONET,278.79998779296875,278.79998779296875,278.79998779296875,278.79998779296875,0.0
2026-05-29,PETRONET,280.0,280.25,266.8500061035156,271.04998779296875,8651681.0
2026-06-01,PETRONET,272.0,277.1000061035156,269.54998779296875,270.45001220703125,7812225.0
2026-06-02,PETRONET,268.5,270.5,266.3500061035156,269.0,1672662.0
2026-06-03,PETRONET,269.79998779296875,272.75,266.54998779296875,269.95001220703125,1870667.0
2026-06-04,PETRONET,270.5,272.8999938964844,268.5,269.04998779296875,2795662.0
2026-06-05,PETRONET,269.79998779296875,271.5,267.3500061035156,269.45001220703125,2915553.0
2026-05-25,BRITANNIA,5370.0,5370.0,5309.5,5327.0,284971.0
2026-05-26,BRITANNIA,5356.0,5356.0,5311.0,5338.0,193734.0
2026-05-27,BRITANNIA,5330.0,5352.5,5301.0,5335.5,195454.0
2026-05-28,BRITANNIA,5335.5,5335.5,5335.5,5335.5,0.0
2026-05-29,BRITANNIA,5335.5,5350.0,5164.5,5204.5,1697949.0
2026-06-01,BRITANNIA,5208.0,5230.0,5122.0,5157.5,341856.0
2026-06-02,BRITANNIA,5120.5,5148.0,5075.0,5117.0,458858.0
2026-06-03,BRITANNIA,5130.0,5142.5,5050.0,5064.0,334445.0
2026-06-04,BRITANNIA,5051.5,5119.5,5035.0,5090.0,300651.0
2026-06-05,BRITANNIA,5095.0,5135.0,5071.0,5120.5,159398.0
2026-05-25,DLF,592.0,596.4000244140625,589.1500244140625,592.2999877929688,2007544.0
2026-05-26,DLF,592.1500244140625,596.75,587.0999755859375,589.7999877929688,2572405.0
2026-05-27,DLF,590.0499877929688,600.6500244140625,590.0499877929688,593.9000244140625,1918632.0
2026-05-28,DLF,593.9000244140625,593.9000244140625,593.9000244140625,593.9000244140625,0.0
2026-05-29,DLF,595.0,607.9000244140625,586.5499877929688,590.5999755859375,16165925.0
2026-06-01,DLF,595.0,601.9000244140625,577.75,580.0499877929688,2942650.0
2026-06-02,DLF,576.2999877929688,595.7999877929688,572.0,591.8499755859375,4592067.0
2026-06-03,DLF,590.0999755859375,591.1500244140625,573.5499877929688,581.5499877929688,3682605.0
2026-06-04,DLF,577.0,581.6500244140625,573.1500244140625,577.7999877929688,5027572.0
2026-06-05,DLF,581.4000244140625,588.0,574.0999755859375,577.7000122070312,3387619.0
2026-05-25,LTTS,3436.39990234375,3582.39990234375,3435.0,3546.199951171875,113653.0
2026-05-26,LTTS,3540.0,3577.0,3516.10009765625,3540.699951171875,39254.0
2026-05-27,LTTS,3540.699951171875,3559.60009765625,3479.800048828125,3491.60009765625,48055.0
2026-05-28,LTTS,3491.60009765625,3491.60009765625,3491.60009765625,3491.60009765625,0.0
2026-05-29,LTTS,3495.0,3596.60009765625,3390.699951171875,3432.39990234375,107585.0
2026-06-01,LTTS,3469.0,3508.89990234375,3310.0,3385.5,395897.0
2026-06-02,LTTS,3368.0,3549.0,3368.0,3508.300048828125,267524.0
2026-06-03,LTTS,3490.0,3490.0,3275.300048828125,3299.199951171875,148396.0
2026-06-04,LTTS,3279.89990234375,3326.5,3255.0,3272.10009765625,80443.0
2026-06-05,LTTS,3299.800048828125,3365.0,3200.0,3212.699951171875,151344.0
2026-05-25,GODREJCP,1040.9000244140625,1042.800048828125,1012.2999877929688,1020.4000244140625,3432340.0
2026-05-26,GODREJCP,1018.0,1035.0,1016.0999755859375,1031.800048828125,1170017.0
2026-05-27,GODREJCP,1027.0,1048.9000244140625,1023.5,1044.4000244140625,1227520.0
2026-05-28,GODREJCP,1044.4000244140625,1044.4000244140625,1044.4000244140625,1044.4000244140625,0.0
2026-05-29,GODREJCP,1044.9000244140625,1053.5999755859375,1024.0999755859375,1029.300048828125,3721352.0
2026-06-01,GODREJCP,1036.300048828125,1036.300048828125,1006.2999877929688,1009.0,1859110.0
2026-06-02,GODREJCP,998.5,1004.7000122070312,975.9000244140625,999.0999755859375,3217912.0
2026-06-03,GODREJCP,999.2000122070312,1003.7999877929688,975.4000244140625,986.5,1265930.0
2026-06-04,GODREJCP,980.5,1002.7000122070312,980.5,995.4000244140625,1081172.0
2026-06-05,GODREJCP,1002.5,1002.5,985.5,998.0,645131.0
2026-05-25,POWERINDIA,36000.0,36040.0,35030.0,35635.0,139682.0
2026-05-26,POWERINDIA,35400.0,36495.0,34005.0,35995.0,511899.0
2026-05-27,POWERINDIA,36220.0,37695.0,35985.0,37550.0,284794.0
2026-05-28,POWERINDIA,37550.0,37550.0,37550.0,37550.0,0.0
2026-05-29,POWERINDIA,37750.0,38645.0,36810.0,38445.0,376115.0
2026-06-01,POWERINDIA,38700.0,38785.0,36225.0,36380.0,279448.0
2026-06-02,POWERINDIA,36300.0,36315.0,34820.0,35105.0,244798.0
2026-06-03,POWERINDIA,35350.0,36110.0,35010.0,35190.0,235330.0
2026-06-04,POWERINDIA,35705.0,37360.0,35510.0,36525.0,254549.0
2026-06-05,POWERINDIA,36940.0,37440.0,36600.0,36870.0,109445.0
2026-05-25,BAJFINANCE,926.0999755859375,944.0,924.4500122070312,941.9000244140625,7065528.0
2026-05-26,BAJFINANCE,943.9500122070312,948.4000244140625,928.0999755859375,930.2000122070312,8489543.0
2026-05-27,BAJFINANCE,932.0,935.9500122070312,923.0,931.1500244140625,5349669.0
2026-05-28,BAJFINANCE,931.1500244140625,931.1500244140625,931.1500244140625,931.1500244140625,0.0
2026-05-29,BAJFINANCE,915.0999755859375,937.7999877929688,895.2999877929688,908.25,46752428.0
2026-06-01,BAJFINANCE,911.4500122070312,918.0,888.0,889.0499877929688,6887616.0
2026-06-02,BAJFINANCE,874.0,884.4000244140625,860.4500122070312,882.0,15697997.0
2026-06-03,BAJFINANCE,882.0,882.0,863.5,876.7999877929688,14747769.0
2026-06-04,BAJFINANCE,870.2000122070312,879.1500244140625,868.0,874.4000244140625,9676279.0
2026-06-05,BAJFINANCE,874.0,913.0,874.0,889.4000244140625,13274646.0
